caseid,totalnewsbinary_All_ref,totalnewscount_All_ref,log_news_All_ref,Average_domain_NewsG_Score_All_ref,Count_Reliable_NewsG_Score_All_ref,Count_Unreliable_NewsG_Score_All_ref,Prop_Reliable_NewsG_Score_All_ref,Prop_Unreliable_NewsG_Score_All_ref
1147325327,1,74,4.30406509320417,71.55797101449275,1.7558748556724915,1.146128035678238,0.7567567567567568,0.17567567567567569
1147338125,1,1,0,NaN,0,0,0,0
1147357513,1,71,4.2626798770413155,90.90625,1.2304489213782739,0,0.22535211267605634,0
1147357933,1,4,1.3862943611198906,87.5,0.3010299956639812,0,0.25,0
1149913275,1,5,1.6094379124341003,94.16666666666667,0.6020599913279624,0,0.6,0
1149913277,1,19,2.9444389791664403,88.55263157894737,1.3010299956639813,0,1,0
1149913289,1,3,1.0986122886681098,100,0.47712125471966244,0,0.6666666666666666,0
1149913291,1,25,3.2188758248682006,84.72727272727273,1.3222192947339193,0.47712125471966244,0.8,0.08
1149913297,1,7,1.9459101490553132,94.16666666666667,0.6020599913279624,0,0.42857142857142855,0
1149913303,1,51,3.9318256327243257,96.30952380952381,1.6334684555795864,0,0.8235294117647058,0
1149913313,1,1,0,82.5,0.3010299956639812,0,1,0
1149913315,1,7,1.9459101490553132,92.5,0.6989700043360189,0,0.5714285714285714,0
1149913325,1,2,0.6931471805599453,100,0.47712125471966244,0,1,0
1149913329,1,2,0.6931471805599453,NaN,0,0,0,0
1149913335,1,83,4.418840607796598,91.5,1.7075701760979363,0,0.6024096385542169,0
1149913353,1,112,4.718498871295094,89.49418604651163,1.9395192526186185,0,0.7678571428571429,0
1149913361,1,1,0,87.5,0.3010299956639812,0,1,0
1149913369,1,81,4.394449154672439,89.23287671232876,1.8512583487190752,0.6020599913279624,0.8641975308641975,0.037037037037037035
1149913371,1,3,1.0986122886681098,89.16666666666667,0.6020599913279624,0,1,0
1149913373,1,28,3.332204510175204,93.80434782608695,1.380211241711606,0,0.8214285714285714,0
1149913375,1,82,4.406719247264253,91.54545454545455,1.7481880270062005,0,0.6707317073170732,0
1149913377,1,401,5.993961427306569,91.7992125984252,2.3961993470957363,0.8450980400142568,0.6184538653366584,0.014962593516209476
1149913393,1,1,0,87.5,0.3010299956639812,0,1,0
1149913395,1,22,3.091042453358316,90.9375,0.9542425094393249,0,0.36363636363636365,0
1149913397,1,52,3.9512437185814275,88.55813953488372,1.6232492903979006,0.47712125471966244,0.7884615384615384,0.038461538461538464
1149913399,1,119,4.77912349311153,62.07826086956522,1.8864907251724818,1.6020599913279623,0.6386554621848739,0.3277310924369748
1149913405,1,3,1.0986122886681098,87.5,0.3010299956639812,0,0.3333333333333333,0
1149913409,1,3,1.0986122886681098,88.33333333333333,0.6020599913279624,0,1,0
1149913413,1,6,1.791759469228055,85.5,0.7781512503836436,0,0.8333333333333334,0
1149913415,1,25,3.2188758248682006,90.66666666666667,1.2787536009528289,0,0.72,0
1149913417,1,37,3.6109179126442243,94.375,1.568201724066995,0,0.972972972972973,0
1149913421,1,15,2.70805020110221,97.08333333333333,1.1139433523068367,0,0.8,0
1149913427,1,23,3.1354942159291497,93.07692307692308,1.146128035678238,0,0.5652173913043478,0
1149913433,1,314,5.749392985908253,92.50816993464052,2.4871383754771865,0,0.9745222929936306,0
1149913435,1,3,1.0986122886681098,86.66666666666667,0.6020599913279624,0,1,0
1149913439,1,3,1.0986122886681098,94.16666666666667,0.6020599913279624,0,1,0
1149913441,1,10,2.302585092994046,97.5,0.9030899869919435,0,0.7,0
1149913443,1,23,3.1354942159291497,93.75,0.47712125471966244,0,0.08695652173913043,0
1149913445,1,362,5.8916442118257715,71.03107344632768,2.546542663478131,0.6020599913279624,0.9696132596685083,0.008287292817679558
1149913453,1,34,3.5263605246161616,92.98076923076923,1.4313637641589874,0,0.7647058823529411,0
1149913455,1,301,5.707110264748875,65.51041666666667,2.342422680822206,1.845098040014257,0.7275747508305648,0.2292358803986711
1149913467,1,26,3.258096538021482,88.75,0.8450980400142568,0,0.23076923076923078,0
1149913475,1,14,2.6390573296152584,84.28571428571429,0.8450980400142568,0.3010299956639812,0.42857142857142855,0.07142857142857142
1149913477,1,52,3.9512437185814275,92.70408163265306,1.6989700043360187,0,0.9423076923076923,0
1149913483,1,16,2.772588722239781,92,1.2041199826559248,0,0.9375,0
1149913511,1,69,4.23410650459726,93.41463414634147,1.6232492903979006,0,0.5942028985507246,0
1149913513,1,1,0,62,0.3010299956639812,0,1,0
1149913517,1,2,0.6931471805599453,87.5,0.3010299956639812,0,0.5,0
1149913519,1,245,5.501258210544727,91.96428571428571,1.8512583487190752,0,0.2857142857142857,0
1149913549,1,2,0.6931471805599453,59.75,0.3010299956639812,0.3010299956639812,0.5,0.5
1149913569,1,22,3.091042453358316,NaN,0,0,0,0
1149913577,1,47,3.8501476017100584,91.4,1.4771212547196624,0.3010299956639812,0.6170212765957447,0.02127659574468085
1149913583,1,12,2.4849066497880004,95,0.47712125471966244,0,0.16666666666666666,0
1149913591,1,14,2.6390573296152584,73.11111111111111,0.7781512503836436,0.6989700043360189,0.35714285714285715,0.2857142857142857
1149913635,1,137,4.919980925828125,100,0.3010299956639812,0,0.0072992700729927005,0
1149913703,1,1090,6.993932975223189,90.48564814814814,3.03382569395331,0,0.9908256880733946,0
1149913749,1,173,5.153291594497779,95.29411764705883,1.255272505103306,0,0.09826589595375723,0
1149913763,1,28,3.332204510175204,89.73214285714286,1.462397997898956,0,1,0
1149913765,1,1,0,100,0.3010299956639812,0,1,0
1149913777,1,1,0,NaN,0,0,0,0
1149913781,1,1,0,87.5,0.3010299956639812,0,1,0
1149913805,1,30,3.4011973816621555,94.6875,0.9542425094393249,0,0.26666666666666666,0
1149913837,1,18,2.8903717578961645,93.92857142857143,1.1760912590556813,0,0.7777777777777778,0
1149913839,1,3,1.0986122886681098,95,0.6020599913279624,0,1,0
1149913841,1,4,1.3862943611198906,90,0.3010299956639812,0,0.25,0
1149913855,1,1,0,NaN,0,0,0,0
1149913861,1,2,0.6931471805599453,88.75,0.47712125471966244,0,1,0
1149913865,1,5,1.6094379124341003,90,0.7781512503836436,0,1,0
1149913897,1,20,2.995732273553991,99,0.7781512503836436,0,0.25,0
1149913909,1,62,4.127134385045092,65.88235294117646,1,0.9542425094393249,0.14516129032258066,0.12903225806451613
1149913935,1,191,5.25227342804663,NaN,0,0,0,0
1149913937,1,7,1.9459101490553132,83.57142857142857,0.9030899869919435,0,1,0
1149913979,1,6,1.791759469228055,67.5,0.47712125471966244,0.3010299956639812,0.3333333333333333,0.16666666666666666
1149914039,1,13,2.5649493574615367,87.70833333333333,1.1139433523068367,0,0.9230769230769231,0
1149914067,1,63,4.143134726391533,95.83333333333333,0.6020599913279624,0,0.047619047619047616,0
1150928257,1,6,1.791759469228055,92,0.7781512503836436,0,0.8333333333333334,0
1150928265,1,21,3.044522437723423,86.11111111111111,1.255272505103306,0.3010299956639812,0.8095238095238095,0.047619047619047616
1150928269,1,6,1.791759469228055,73.66666666666667,0.7781512503836436,0.3010299956639812,0.8333333333333334,0.16666666666666666
1150928277,1,1,0,95,0.3010299956639812,0,1,0
1150928279,1,19,2.9444389791664403,74.92857142857143,1.1139433523068367,0.47712125471966244,0.631578947368421,0.10526315789473684
1150928283,1,6,1.791759469228055,89.91666666666667,0.8450980400142568,0,1,0
1150928287,1,7,1.9459101490553132,96.25,0.47712125471966244,0,0.2857142857142857,0
1150928291,1,24,3.1780538303479458,85.5,1,0,0.375,0
1150928297,1,14,2.6390573296152584,81.25,1.1139433523068367,0.47712125471966244,0.8571428571428571,0.14285714285714285
1150928299,1,1,0,NaN,0,0,0,0
1150928301,1,8,2.0794415416798357,86,0.47712125471966244,0,0.25,0
1150928303,1,33,3.4965075614664802,94.58064516129032,1.505149978319906,0,0.9393939393939394,0
1150928305,1,84,4.430816798843313,88.70175438596492,1.7403626894942439,0.6020599913279624,0.6428571428571429,0.03571428571428571
1150928315,1,1,0,NaN,0,0,0,0
1150928319,1,1,0,NaN,0,0,0,0
1150928325,1,47,3.8501476017100584,90.5,1.4913616938342726,0,0.6382978723404256,0
1150928339,1,3,1.0986122886681098,100,0.3010299956639812,0,0.3333333333333333,0
1150928343,1,63,4.143134726391533,78.5625,1.591064607026499,1.0413926851582251,0.6031746031746031,0.15873015873015872
1150928345,1,23,3.1354942159291497,92.33333333333333,1.2041199826559248,0,0.6521739130434783,0
1150928363,1,191,5.25227342804663,87.63690476190476,1.9294189257142926,0,0.4397905759162304,0
1150928367,1,2,0.6931471805599453,100,0.3010299956639812,0,0.5,0
1150928369,1,1,0,90,0.3010299956639812,0,1,0
1150928371,1,4,1.3862943611198906,90,0.6989700043360189,0,1,0
1150928379,1,3,1.0986122886681098,91.66666666666667,0.6020599913279624,0,1,0
1150928397,1,24,3.1780538303479458,87.21052631578948,1.3010299956639813,0,0.7916666666666666,0
1150928401,1,47,3.8501476017100584,90.85714285714286,1.5563025007672873,0,0.7446808510638298,0
1150928413,1,55,4.007333185232471,73.66666666666667,1.4913616938342726,1.3979400086720377,0.5454545454545454,0.43636363636363634
1150928415,1,10,2.302585092994046,90,0.9030899869919435,0,0.7,0
1150928421,1,43,3.7612001156935624,88.98571428571428,1.5563025007672873,0,0.813953488372093,0
1150928431,1,13,2.5649493574615367,84.05555555555556,0.9030899869919435,0.47712125471966244,0.5384615384615384,0.15384615384615385
1150928433,1,40,3.6888794541139363,84.13888888888889,1.5314789170422551,0.6020599913279624,0.825,0.075
1150928437,1,4,1.3862943611198906,85.83333333333333,0.6020599913279624,0,0.75,0
1150928439,1,57,4.04305126783455,93.17647058823529,1.7075701760979363,0.3010299956639812,0.8771929824561403,0.017543859649122806
1150928453,1,48,3.871201010907891,92.29166666666667,1.6901960800285136,0,1,0
1150928455,1,71,4.2626798770413155,84.71428571428571,1.806179973983887,0,0.8873239436619719,0
1150928457,1,268,5.5909869805108565,90.3609756097561,2.311753861055754,0.3010299956639812,0.7611940298507462,0.0037313432835820895
1150928461,1,6,1.791759469228055,87.5,0.47712125471966244,0,0.3333333333333333,0
1150928463,1,55,4.007333185232471,90.75,1.0413926851582251,0,0.18181818181818182,0
1150928465,1,61,4.110873864173311,94.86363636363636,1.7481880270062005,0,0.9016393442622951,0
1150928473,1,4,1.3862943611198906,98.75,0.6989700043360189,0,1,0
1150928475,1,21,3.044522437723423,90,1.3010299956639813,0,0.9047619047619048,0
1150928479,1,3,1.0986122886681098,84.16666666666667,0.6020599913279624,0,1,0
1150928505,1,4,1.3862943611198906,83.33333333333333,0.6020599913279624,0,0.75,0
1150928507,1,8,2.0794415416798357,95.71428571428571,0.9030899869919435,0,0.875,0
1150928515,1,5,1.6094379124341003,100,0.6020599913279624,0,0.6,0
1150928521,1,11,2.3978952727983707,75.66666666666667,0.47712125471966244,0.3010299956639812,0.18181818181818182,0.09090909090909091
1150928523,1,1,0,NaN,0,0,0,0
1150928525,1,37,3.6109179126442243,83.90625,1.4471580313422192,0.7781512503836436,0.7297297297297297,0.13513513513513514
1150928529,1,7,1.9459101490553132,85.5,0.7781512503836436,0,0.7142857142857143,0
1150928531,1,741,6.608000625296087,91.86820652173913,2.8674674878590514,0,0.9932523616734144,0
1150928533,1,2,0.6931471805599453,100,0.3010299956639812,0,0.5,0
1150928535,1,3,1.0986122886681098,89,0.6020599913279624,0,1,0
1150928541,1,52,3.9512437185814275,87.25555555555556,1.6334684555795864,0.6020599913279624,0.8076923076923077,0.057692307692307696
1150928551,1,4,1.3862943611198906,91.875,0.6989700043360189,0,1,0
1150928555,1,186,5.225746673713202,89.95,1.6989700043360187,0.3010299956639812,0.26344086021505375,0.005376344086021506
1150928563,1,4,1.3862943611198906,29.5,0,0.6020599913279624,0,0.75
1150928565,1,60,4.0943445622221,91.6625,1.6127838567197355,0,0.6666666666666666,0
1150928567,1,6,1.791759469228055,96.875,0.6989700043360189,0,0.6666666666666666,0
1150928569,1,1,0,100,0.3010299956639812,0,1,0
1150928587,1,67,4.204692619390966,86.8359375,1.8129133566428555,0,0.9552238805970149,0
1150928589,1,19,2.9444389791664403,90.20833333333333,1.1139433523068367,0,0.631578947368421,0
1150928591,1,1,0,NaN,0,0,0,0
1150928593,1,1,0,100,0.3010299956639812,0,1,0
1150928595,1,1,0,100,0.3010299956639812,0,1,0
1150928599,1,26,3.258096538021482,92.21153846153847,1.4313637641589874,0,1,0
1150928603,1,36,3.58351893845611,88.75,1.5440680443502757,0,0.9444444444444444,0
1150928609,1,19,2.9444389791664403,92.5,1.255272505103306,0,0.8947368421052632,0
1150928621,1,26,3.258096538021482,87.575,1.3010299956639813,0.3010299956639812,0.7307692307692307,0.038461538461538464
1150928635,1,14,2.6390573296152584,75.28571428571429,0.8450980400142568,0.3010299956639812,0.42857142857142855,0.07142857142857142
1150928651,1,42,3.7376696182833684,93.52941176470588,1.255272505103306,0,0.40476190476190477,0
1150928655,1,4,1.3862943611198906,90.625,0.6989700043360189,0,1,0
1150928659,1,11,2.3978952727983707,89.5,0.7781512503836436,0,0.45454545454545453,0
1150928665,1,7,1.9459101490553132,NaN,0,0,0,0
1150928669,1,9,2.1972245773362196,77.72222222222223,1,0,1,0
1150928675,1,13,2.5649493574615367,79,0.6989700043360189,0.3010299956639812,0.3076923076923077,0.07692307692307693
1150928679,1,91,4.51085950651685,89.13461538461539,1.8920946026904804,0.3010299956639812,0.8461538461538461,0.01098901098901099
1150928685,1,22,3.091042453358316,89.375,1.2304489213782739,0,0.7272727272727273,0
1150928695,1,3,1.0986122886681098,90,0.6020599913279624,0,1,0
1150928719,1,65,4.174387269895637,70.9,1.6020599913279623,1.0791812460476249,0.6,0.16923076923076924
1150928727,1,18,2.8903717578961645,78,0.8450980400142568,0.47712125471966244,0.3333333333333333,0.1111111111111111
1150928731,1,30,3.4011973816621555,84.3,1.4313637641589874,0.6989700043360189,0.8666666666666667,0.13333333333333333
1150928737,1,55,4.007333185232471,87.90816326530613,1.6989700043360187,0,0.8909090909090909,0
1150928743,1,18,2.8903717578961645,92,1.2041199826559248,0,0.8333333333333334,0
1150928753,1,2,0.6931471805599453,87.5,0.3010299956639812,0,0.5,0
1150928757,1,84,4.430816798843313,73.21311475409836,1.7634279935629373,0.6989700043360189,0.6785714285714286,0.047619047619047616
1150928761,1,1,0,100,0.3010299956639812,0,1,0
1150928765,1,30,3.4011973816621555,57.13793103448276,1.255272505103306,1.1139433523068367,0.5666666666666667,0.4
1150928769,1,2,0.6931471805599453,100,0.47712125471966244,0,1,0
1150928771,1,34,3.5263605246161616,89.296875,1.5185139398778875,0,0.9411764705882353,0
1150928773,1,1,0,87.5,0.3010299956639812,0,1,0
1150928781,1,20,2.995732273553991,90,0.9030899869919435,0,0.35,0
1150928785,1,5,1.6094379124341003,90,0.6989700043360189,0,0.8,0
1150928789,1,118,4.770684624465665,90.79292929292929,1.9912260756924949,0.47712125471966244,0.8220338983050848,0.01694915254237288
1150928803,1,2,0.6931471805599453,87.5,0.3010299956639812,0,0.5,0
1150928807,1,153,5.030437921392435,81.25,1.7075701760979363,0.47712125471966244,0.32679738562091504,0.013071895424836602
1150928811,1,5,1.6094379124341003,NaN,0,0,0,0
1150928837,1,1,0,NaN,0,0,0,0
1150928839,1,8,2.0794415416798357,95,0.8450980400142568,0,0.75,0
1150928845,1,10,2.302585092994046,95.25,1.0413926851582251,0,1,0
1150928857,1,29,3.367295829986474,88.53125,1.2041199826559248,0.3010299956639812,0.5172413793103449,0.034482758620689655
1150928879,1,367,5.905361848054571,86.36029411764706,2.1367205671564067,0,0.37057220708446864,0
1150928883,1,101,4.61512051684126,93.71333333333334,1.8692317197309762,0.47712125471966244,0.7227722772277227,0.019801980198019802
1150928885,1,1,0,87.5,0.3010299956639812,0,1,0
1150928887,1,17,2.833213344056216,85.92307692307692,1.1139433523068367,0.3010299956639812,0.7058823529411765,0.058823529411764705
1150928895,1,13,2.5649493574615367,65.46153846153847,1.0791812460476249,0.47712125471966244,0.8461538461538461,0.15384615384615385
1150928913,1,121,4.795790545596741,90.1036036036036,2.0492180226701815,0,0.9173553719008265,0
1150928917,1,13,2.5649493574615367,90,1.0413926851582251,0,0.7692307692307693,0
1150928919,1,71,4.2626798770413155,78.93518518518519,1.6720978579357175,0.9542425094393249,0.647887323943662,0.11267605633802817
1150928921,1,2,0.6931471805599453,NaN,0,0,0,0
1150928923,1,5,1.6094379124341003,77.5,0.3010299956639812,0,0.2,0
1150928937,1,102,4.624972813284271,92.40555555555555,1.9590413923210936,0,0.8823529411764706,0
1150928949,1,95,4.553876891600541,79.38888888888889,1.6532125137753437,1.0413926851582251,0.4631578947368421,0.10526315789473684
1150928951,1,59,4.07753744390572,88.34375,1.5185139398778875,0,0.5423728813559322,0
1150928955,1,9,2.1972245773362196,90,1,0,1,0
1150928961,1,86,4.454347296253507,77.9625,1.9084850188786497,0,0.9302325581395349,0
1150928967,1,12,2.4849066497880004,89,1.0413926851582251,0,0.8333333333333334,0
1150928977,1,27,3.295836866004329,80.78947368421052,1.2787536009528289,0.3010299956639812,0.6666666666666666,0.037037037037037035
1150928981,1,21,3.044522437723423,82.5,1.255272505103306,0.6989700043360189,0.8095238095238095,0.19047619047619047
1150928985,1,1,0,87.5,0.3010299956639812,0,1,0
1150928989,1,121,4.795790545596741,81.375,1.5797835966168101,0.9030899869919435,0.30578512396694213,0.05785123966942149
1150929003,1,8,2.0794415416798357,77.85714285714286,0.8450980400142568,0.3010299956639812,0.75,0.125
1150929007,1,109,4.6913478822291435,80.90760869565217,1.9242792860618816,1,0.7614678899082569,0.08256880733944955
1150929013,1,925,6.829793737512425,87.60928961748634,2.9618954736678504,0,0.9891891891891892,0
1150929017,1,16,2.772588722239781,95.55555555555556,1,0,0.5625,0
1150929025,1,1,0,NaN,0,0,0,0
1150929043,1,18,2.8903717578961645,83.83333333333333,1.1760912590556813,0.3010299956639812,0.7777777777777778,0.05555555555555555
1150929045,1,67,4.204692619390966,90,1.8325089127062364,0,1,0
1150929061,1,5,1.6094379124341003,84.375,0.6989700043360189,0,0.8,0
1150929063,1,1155,7.051855622955894,73.53846153846153,3.0538464268522527,0,0.9792207792207792,0
1150929067,1,1,0,NaN,0,0,0,0
1150929069,1,60,4.0943445622221,85.63725490196079,1.6989700043360187,0.47712125471966244,0.8166666666666667,0.03333333333333333
1150929071,1,19,2.9444389791664403,70.95,0.9030899869919435,0.6020599913279624,0.3684210526315789,0.15789473684210525
1150929073,1,7,1.9459101490553132,74.8,0.6020599913279624,0.47712125471966244,0.42857142857142855,0.2857142857142857
1150929075,1,3,1.0986122886681098,90,0.47712125471966244,0,0.6666666666666666,0
1150929089,1,39,3.6635616461296463,97.03125,1.5185139398778875,0,0.8205128205128205,0
1150929097,1,10,2.302585092994046,93.57142857142857,0.9030899869919435,0,0.7,0
1150929107,1,3,1.0986122886681098,90.83333333333333,0.6020599913279624,0,1,0
1150929113,1,20,2.995732273553991,83.5,1.2041199826559248,0,0.75,0
1150929127,1,37,3.6109179126442243,89.28571428571429,0.9030899869919435,0,0.1891891891891892,0
1150929129,1,653,6.481577129276431,83.6875,0.9542425094393249,0,0.01225114854517611,0
1150929135,1,4,1.3862943611198906,NaN,0,0,0,0
1150929145,1,17,2.833213344056216,90,1.2304489213782739,0,0.9411764705882353,0
1150929153,1,24,3.1780538303479458,93.3125,1.3979400086720377,0,1,0
1150929155,1,94,4.543294782270004,94.74358974358974,1.6020599913279623,0,0.4148936170212766,0
1150929165,1,40,3.6888794541139363,87.8,1.1760912590556813,0.3010299956639812,0.35,0.025
1150929173,1,3,1.0986122886681098,92.5,0.6020599913279624,0,1,0
1150929175,1,40,3.6888794541139363,89.10810810810811,1.5797835966168101,0,0.925,0
1150929179,1,34,3.5263605246161616,90.64516129032258,1.505149978319906,0,0.9117647058823529,0
1150929189,1,21,3.044522437723423,91.09375,1.2304489213782739,0,0.7619047619047619,0
1150929195,1,2,0.6931471805599453,87.5,0.3010299956639812,0,0.5,0
1150929199,1,2,0.6931471805599453,93.75,0.47712125471966244,0,1,0
1150929215,1,1,0,100,0.3010299956639812,0,1,0
1150929223,1,24,3.1780538303479458,81.15384615384616,1.146128035678238,0,0.5416666666666666,0
1150929237,1,160,5.075173815233827,96.53846153846153,2.1958996524092336,0,0.975,0
1150929239,1,1,0,90,0.3010299956639812,0,1,0
1150929241,1,3,1.0986122886681098,79.16666666666667,0.47712125471966244,0.3010299956639812,0.6666666666666666,0.3333333333333333
1150929249,1,111,4.709530201312334,87.07070707070707,2,0,0.8918918918918919,0
1150929251,1,198,5.288267030694535,86.19414893617021,2.27415784926368,0.3010299956639812,0.9444444444444444,0.005050505050505051
1150929263,1,12,2.4849066497880004,90,0.9542425094393249,0,0.6666666666666666,0
1150929271,1,4,1.3862943611198906,90,0.6020599913279624,0,0.75,0
1150929273,1,1,0,90,0.3010299956639812,0,1,0
1150929277,1,3,1.0986122886681098,78.33333333333333,0.6020599913279624,0,1,0
1150929297,1,2,0.6931471805599453,68.75,0.3010299956639812,0.3010299956639812,0.5,0.5
1150929311,1,379,5.937536205082426,88.9661921708185,2.4456042032735974,0.6020599913279624,0.7335092348284961,0.0079155672823219
1150929313,1,54,3.9889840465642745,93.20652173913044,1.6720978579357175,0,0.8518518518518519,0
1150929317,1,39,3.6635616461296463,96.66666666666667,1.1139433523068367,0,0.3076923076923077,0
1150929319,1,10,2.302585092994046,87.5,1.0413926851582251,0,1,0
1150929321,1,7,1.9459101490553132,87.5,0.6020599913279624,0,0.42857142857142855,0
1150929337,1,29,3.367295829986474,93.88888888888889,1,0,0.3103448275862069,0
1150929345,1,2,0.6931471805599453,90,0.47712125471966244,0,1,0
1150929355,1,17,2.833213344056216,77.65,1,0.3010299956639812,0.5294117647058824,0.058823529411764705
1150929359,1,65,4.174387269895637,90.86363636363636,1.0791812460476249,0,0.16923076923076924,0
1150929361,1,1,0,NaN,0,0,0,0
1150929369,1,9,2.1972245773362196,94.58333333333333,0.8450980400142568,0,0.6666666666666666,0
1150929371,1,3,1.0986122886681098,90,0.47712125471966244,0,0.6666666666666666,0
1150929373,1,1,0,87.5,0.3010299956639812,0,1,0
1150929375,1,137,4.919980925828125,90.21804511278195,2.1271047983648077,0,0.9708029197080292,0
1150929377,1,34,3.5263605246161616,93.05555555555556,1.4471580313422192,0,0.7941176470588235,0
1150929381,1,1,0,100,0.3010299956639812,0,1,0
1150929389,1,10,2.302585092994046,95,0.6989700043360189,0,0.4,0
1150929403,1,1,0,90,0.3010299956639812,0,1,0
1150929411,1,44,3.784189633918261,65.66,1.2787536009528289,0.9030899869919435,0.4090909090909091,0.1590909090909091
1150929413,1,20,2.995732273553991,89.03846153846153,1.146128035678238,0,0.65,0
1150929415,1,31,3.4339872044851463,90.24074074074075,1.414973347970818,0.47712125471966244,0.8064516129032258,0.06451612903225806
1150929417,1,15,2.70805020110221,92.77777777777777,1,0,0.6,0
1150929419,1,52,3.9512437185814275,83.74468085106383,1.6532125137753437,0.6020599913279624,0.8461538461538461,0.057692307692307696
1150929425,1,7,1.9459101490553132,87.9,0.7781512503836436,0,0.7142857142857143,0
1150929431,1,19,2.9444389791664403,88.4375,1.2304489213782739,0,0.8421052631578947,0
1150929439,1,24,3.1780538303479458,84.3,1.146128035678238,0.47712125471966244,0.5416666666666666,0.08333333333333333
1150929445,1,4,1.3862943611198906,75.375,0.6989700043360189,0,1,0
1150929451,1,17,2.833213344056216,97.91666666666667,0.8450980400142568,0,0.35294117647058826,0
1150929455,1,63,4.143134726391533,89.51724137931035,1.7634279935629373,0.3010299956639812,0.9047619047619048,0.015873015873015872
1150929463,1,1,0,85,0.3010299956639812,0,1,0
1150929469,1,44,3.784189633918261,56.57142857142857,0.6020599913279624,0.6989700043360189,0.06818181818181818,0.09090909090909091
1150929473,1,5,1.6094379124341003,NaN,0,0,0,0
1150929485,1,44,3.784189633918261,77.97058823529412,1.3617278360175928,1.1139433523068367,0.5,0.2727272727272727
1150929487,1,917,6.821107472256465,92.11165845648604,2.7831886910752575,0.6020599913279624,0.6608505997818975,0.003271537622682661
1150929493,1,83,4.418840607796598,87.85,1.591064607026499,0.47712125471966244,0.4578313253012048,0.024096385542168676
1150929509,1,55,4.007333185232471,93.51020408163265,1.6989700043360187,0,0.8909090909090909,0
1150929515,1,115,4.74493212836325,91.62068965517241,1.7708520116421442,0,0.5043478260869565,0
1150929525,1,54,3.9889840465642745,82.09433962264151,1.7075701760979363,0.6020599913279624,0.9259259259259259,0.05555555555555555
1150929531,1,7,1.9459101490553132,46,0,0.7781512503836436,0,0.7142857142857143
1150929537,1,46,3.828641396489095,89.64285714285714,1.6334684555795864,0,0.9130434782608695,0
1150929541,1,25,3.2188758248682006,95,0.3010299956639812,0,0.04,0
1150929559,1,5,1.6094379124341003,66.6,0.47712125471966244,0.6020599913279624,0.4,0.6
1150929577,1,8,2.0794415416798357,93.21428571428571,0.9030899869919435,0,0.875,0
1150929619,1,49,3.8918202981106265,83.48571428571428,1.5314789170422551,0.47712125471966244,0.673469387755102,0.04081632653061224
1150929651,1,6,1.791759469228055,87.5,0.47712125471966244,0,0.3333333333333333,0
1150929653,1,8,2.0794415416798357,92.85714285714286,0.9030899869919435,0,0.875,0
1150929657,1,3,1.0986122886681098,80,0.6020599913279624,0,1,0
1150929665,1,159,5.0689042022202315,91.05978260869566,1.968482948553935,0,0.5786163522012578,0
1150929681,1,8,2.0794415416798357,92.5,0.9030899869919435,0,0.875,0
1150929685,1,7,1.9459101490553132,92.14285714285714,0.9030899869919435,0,1,0
1150929689,1,46,3.828641396489095,63.72727272727273,1.6020599913279623,0.7781512503836436,0.8478260869565217,0.10869565217391304
1150929731,1,1,0,100,0.3010299956639812,0,1,0
1150929733,1,24,3.1780538303479458,96.9090909090909,1.3617278360175928,0,0.9166666666666666,0
1150929735,1,33,3.4965075614664802,89.91379310344827,1.462397997898956,0.3010299956639812,0.8484848484848485,0.030303030303030304
1150929745,1,4,1.3862943611198906,90,0.6989700043360189,0,1,0
1150929751,1,1,0,100,0.3010299956639812,0,1,0
1150929757,1,39,3.6635616461296463,97.5,0.9030899869919435,0,0.1794871794871795,0
1150929763,1,21,3.044522437723423,93.92857142857143,1.1760912590556813,0,0.6666666666666666,0
1150929769,1,6,1.791759469228055,94,0.7781512503836436,0,0.8333333333333334,0
1150929775,1,5,1.6094379124341003,90,0.7781512503836436,0,1,0
1150929779,1,2,0.6931471805599453,7.5,0,0.3010299956639812,0,0.5
1150929781,1,7,1.9459101490553132,62.916666666666664,0.6989700043360189,0.47712125471966244,0.5714285714285714,0.2857142857142857
1150929785,1,108,4.68213122712422,93.33333333333333,0.8450980400142568,0,0.05555555555555555,0
1150929799,1,3,1.0986122886681098,NaN,0,0,0,0
1150929837,1,15,2.70805020110221,93.63636363636364,1.0791812460476249,0,0.7333333333333333,0
1151615859,1,167,5.117993812416755,100,0.47712125471966244,0,0.011976047904191617,0
1151615863,1,307,5.726847747587197,95.3265306122449,2.462397997898956,0.7781512503836436,0.9413680781758957,0.016286644951140065
1151615867,1,9,2.1972245773362196,95.83333333333333,0.6020599913279624,0,0.3333333333333333,0
1151615873,1,90,4.499809670330265,91.41891891891892,1.5797835966168101,0,0.4111111111111111,0
1151615875,1,32,3.4657359027997265,88.75,0.6989700043360189,0,0.125,0
1151615881,1,20,2.995732273553991,80.9,0.7781512503836436,0,0.25,0
1151615897,1,57,4.04305126783455,84.99056603773585,1.6989700043360187,0.6989700043360189,0.8596491228070176,0.07017543859649122
1151615901,1,3,1.0986122886681098,90,0.6020599913279624,0,1,0
1151615903,1,29,3.367295829986474,83,1,0.3010299956639812,0.3103448275862069,0.034482758620689655
1151615917,1,73,4.290459441148391,64.921875,1.6232492903979006,1.380211241711606,0.5616438356164384,0.3150684931506849
1151615921,1,1,0,95,0.3010299956639812,0,1,0
1151615933,1,56,4.02535169073515,84.31818181818181,1.0791812460476249,0,0.19642857142857142,0
1151615939,1,4,1.3862943611198906,91.25,0.47712125471966244,0,0.5,0
1151615947,1,110,4.700480365792417,82.17415730337079,1.919078092376074,0.9030899869919435,0.7454545454545455,0.06363636363636363
1151615949,1,317,5.75890177387728,89.87323943661971,2.4533183400470375,0.3010299956639812,0.8927444794952681,0.0031545741324921135
1151615951,1,434,6.073044534100405,84.26430517711172,2.5658478186735176,0,0.8456221198156681,0
1151615955,1,2,0.6931471805599453,77.5,0.3010299956639812,0,0.5,0
1151615977,1,1,0,90,0.3010299956639812,0,1,0
1151615985,1,5,1.6094379124341003,99,0.7781512503836436,0,1,0
1151615993,1,159,5.0689042022202315,77.73214285714286,1.8920946026904804,0.9030899869919435,0.48427672955974843,0.0440251572327044
1151615997,1,14,2.6390573296152584,79.26923076923077,1.1139433523068367,0.3010299956639812,0.8571428571428571,0.07142857142857142
1151616009,1,4,1.3862943611198906,91.25,0.47712125471966244,0,0.5,0
1151616011,1,24,3.1780538303479458,86.27272727272727,1.3617278360175928,0,0.9166666666666666,0
1151616019,1,6,1.791759469228055,91.66666666666667,0.8450980400142568,0,1,0
1151616023,1,44,3.784189633918261,93.59375,1.5185139398778875,0,0.7272727272727273,0
1151616025,1,55,4.007333185232471,89.94791666666667,1.6901960800285136,0,0.8727272727272727,0
1151616045,1,2,0.6931471805599453,87.5,0.3010299956639812,0,0.5,0
1151616061,1,18,2.8903717578961645,94.8529411764706,1.255272505103306,0,0.9444444444444444,0
1151616063,1,7,1.9459101490553132,87.5,0.7781512503836436,0,0.7142857142857143,0
1151616065,1,19,2.9444389791664403,87,0.7781512503836436,0.3010299956639812,0.2631578947368421,0.05263157894736842
1151616073,1,5,1.6094379124341003,91.66666666666667,0.6020599913279624,0,0.6,0
1151616083,1,3,1.0986122886681098,87.5,0.3010299956639812,0,0.3333333333333333,0
1151616091,1,33,3.4965075614664802,90,1.414973347970818,0,0.7575757575757576,0
1151616099,1,211,5.351858133476067,89.6608040201005,2.3010299956639813,0,0.943127962085308,0
1151616105,1,3,1.0986122886681098,94.16666666666667,0.6020599913279624,0,1,0
1151616107,1,7,1.9459101490553132,99.16666666666667,0.8450980400142568,0,0.8571428571428571,0
1151616111,1,42,3.7376696182833684,68.34782608695652,1.255272505103306,0.8450980400142568,0.40476190476190477,0.14285714285714285
1151616113,1,4,1.3862943611198906,92.5,0.6020599913279624,0,0.75,0
1151616125,1,24,3.1780538303479458,90.83333333333333,1.3979400086720377,0,1,0
1151616131,1,53,3.970291913552122,88.71794871794872,1.6020599913279623,0,0.7358490566037735,0
1151616145,1,37,3.6109179126442243,66.11111111111111,0.8450980400142568,0.6020599913279624,0.16216216216216217,0.08108108108108109
1151616155,1,4,1.3862943611198906,93.75,0.47712125471966244,0,0.5,0
1151616159,1,17,2.833213344056216,89.27272727272727,1.0791812460476249,0,0.6470588235294118,0
1151616163,1,1,0,NaN,0,0,0,0
1151616165,1,33,3.4965075614664802,86.57692307692308,1.1139433523068367,0.3010299956639812,0.36363636363636365,0.030303030303030304
1151616169,1,11,2.3978952727983707,90,0.7781512503836436,0,0.45454545454545453,0
1151616171,1,64,4.1588830833596715,91.38888888888889,1,0,0.140625,0
1151616177,1,34,3.5263605246161616,88.79310344827586,1.4771212547196624,0,0.8529411764705882,0
1151616187,1,27,3.295836866004329,86.13636363636364,1.3617278360175928,0,0.8148148148148148,0
1151616189,1,24,3.1780538303479458,84.45238095238095,1.2787536009528289,0.6020599913279624,0.75,0.125
1151616197,1,213,5.3612921657094255,91.96649484536083,2.285557309007774,0.47712125471966244,0.9014084507042254,0.009389671361502348
1151616207,1,27,3.295836866004329,76.02173913043478,1.3222192947339193,0.6020599913279624,0.7407407407407407,0.1111111111111111
1151616219,1,94,4.543294782270004,90.08064516129032,1.9731278535996986,0,0.9893617021276596,0
1151616221,1,12,2.4849066497880004,87.77777777777777,1,0,0.75,0
1151616227,1,24,3.1780538303479458,67.30952380952381,1.0413926851582251,1.0791812460476249,0.4166666666666667,0.4583333333333333
1151616229,1,5,1.6094379124341003,93.33333333333333,0.6020599913279624,0,0.6,0
1151616245,1,30,3.4011973816621555,85.3529411764706,1.2041199826559248,0.47712125471966244,0.5,0.06666666666666667
1151616249,1,182,5.204006687076795,95.25766871165644,2.214843848047698,0,0.8956043956043956,0
1151616253,1,25,3.2188758248682006,81.73529411764706,1.2304489213782739,0.3010299956639812,0.64,0.04
1151616255,1,32,3.4657359027997265,89.5,1,0.3010299956639812,0.28125,0.03125
1151616261,1,219,5.389071729816501,89.2030303030303,2.2174839442139063,0.3010299956639812,0.7488584474885844,0.0045662100456621
1151616267,1,56,4.02535169073515,81.55813953488372,1.568201724066995,0.9030899869919435,0.6428571428571429,0.125
1151616283,1,7,1.9459101490553132,86.07142857142857,0.9030899869919435,0,1,0
1151616285,1,17,2.833213344056216,94.23076923076923,1.146128035678238,0,0.7647058823529411,0
1151616293,1,7,1.9459101490553132,89.28571428571429,0.9030899869919435,0,1,0
1151616295,1,32,3.4657359027997265,89.1842105263158,1.2787536009528289,0.3010299956639812,0.5625,0.03125
1151616307,1,63,4.143134726391533,87.89814814814815,1.7160033436347992,0.6020599913279624,0.8095238095238095,0.047619047619047616
1151616313,1,12,2.4849066497880004,93.21428571428571,0.9030899869919435,0,0.5833333333333334,0
1151616321,1,10,2.302585092994046,93.33333333333333,1,0,0.9,0
1151616333,1,234,5.455321115357702,99.18103448275862,2.367355921026019,0,0.9914529914529915,0
1151616349,1,35,3.5553480614894135,90,1.5440680443502757,0,0.9714285714285714,0
1151616351,1,24,3.1780538303479458,89.61538461538461,1.146128035678238,0,0.5416666666666666,0
1151616361,1,29,3.367295829986474,93.46153846153847,1.4313637641589874,0,0.896551724137931,0
1151616367,1,4,1.3862943611198906,90,0.6989700043360189,0,1,0
1151616373,1,48,3.871201010907891,92.01612903225806,1.505149978319906,0,0.6458333333333334,0
1151616387,1,14,2.6390573296152584,88.61111111111111,1,0,0.6428571428571429,0
1151616391,1,5,1.6094379124341003,90.5,0.7781512503836436,0,1,0
1151616409,1,124,4.820281565605037,94.01470588235294,2.012837224705172,0,0.8225806451612904,0
1151616421,1,40,3.6888794541139363,90.52702702702703,1.568201724066995,0.3010299956639812,0.9,0.025
1151616425,1,40,3.6888794541139363,95.64516129032258,1.505149978319906,0,0.775,0
1151616427,1,1,0,87.5,0.3010299956639812,0,1,0
1151616433,1,92,4.5217885770490405,86.68539325842697,1.954242509439325,0,0.967391304347826,0
1151616459,1,192,5.2574953720277815,84.96385542168674,2.1702617153949575,1.3010299956639813,0.765625,0.09895833333333333
1151616461,1,13,2.5649493574615367,93.18181818181819,1.0791812460476249,0,0.8461538461538461,0
1151616463,1,13,2.5649493574615367,47.125,0.47712125471966244,0.8450980400142568,0.15384615384615385,0.46153846153846156
1151616475,1,16,2.772588722239781,75.11538461538461,1.0413926851582251,0.6020599913279624,0.625,0.1875
1151616481,1,10,2.302585092994046,86.75,0.6989700043360189,0,0.4,0
1151616497,1,4,1.3862943611198906,NaN,0,0,0,0
1151616501,1,70,4.248495242049359,86.9,1.7323937598229686,0.47712125471966244,0.7571428571428571,0.02857142857142857
1151616523,1,2,0.6931471805599453,95,0.47712125471966244,0,1,0
1151616529,1,1,0,87.5,0.3010299956639812,0,1,0
1151616535,1,3,1.0986122886681098,90,0.6020599913279624,0,1,0
1151616547,1,1,0,NaN,0,0,0,0
1151616561,1,21,3.044522437723423,90,1.2787536009528289,0,0.8571428571428571,0
1151616563,1,4,1.3862943611198906,89.375,0.6989700043360189,0,1,0
1151616613,1,1,0,100,0.3010299956639812,0,1,0
1151616623,1,234,5.455321115357702,87.74545454545455,2.041392685158225,0.3010299956639812,0.4658119658119658,0.004273504273504274
1151616627,1,2,0.6931471805599453,100,0.47712125471966244,0,1,0
1151616643,1,2,0.6931471805599453,93.75,0.47712125471966244,0,1,0
1151616645,1,2,0.6931471805599453,92.5,0.3010299956639812,0,0.5,0
1151616657,1,55,4.007333185232471,85.11458333333333,1.662757831681574,0.6020599913279624,0.8181818181818182,0.05454545454545454
1151616673,1,2,0.6931471805599453,87.5,0.47712125471966244,0,1,0
1151616681,1,10,2.302585092994046,NaN,0,0,0,0
1151616701,1,64,4.1588830833596715,90.32407407407408,1.7403626894942439,0,0.84375,0
1151616709,1,20,2.995732273553991,89.28571428571429,0.9030899869919435,0,0.35,0
1151616717,1,87,4.465908118654584,87.58695652173913,1.3424226808222062,0.47712125471966244,0.2413793103448276,0.022988505747126436
1151616721,1,3,1.0986122886681098,87.5,0.6020599913279624,0,1,0
1151616737,1,1,0,90,0.3010299956639812,0,1,0
1151616743,1,1,0,90,0.3010299956639812,0,1,0
1151616753,1,2,0.6931471805599453,87.5,0.47712125471966244,0,1,0
1151616757,1,14,2.6390573296152584,86.53846153846153,1.146128035678238,0,0.9285714285714286,0
1151616763,1,14,2.6390573296152584,94.64285714285714,1.1760912590556813,0,1,0
1151616779,1,161,5.081404364984463,89.78125,2.2041199826559246,0.3010299956639812,0.9875776397515528,0.006211180124223602
1151616787,1,31,3.4339872044851463,78.79411764705883,1.2041199826559248,0.47712125471966244,0.4838709677419355,0.06451612903225806
1151616797,1,1,0,100,0.3010299956639812,0,1,0
1151616799,1,2,0.6931471805599453,NaN,0,0,0,0
1151616809,1,1,0,NaN,0,0,0,0
1151616811,1,73,4.290459441148391,87.02054794520548,1.8692317197309762,0,1,0
1151616821,1,2,0.6931471805599453,92.5,0.3010299956639812,0,0.5,0
1151616825,1,7,1.9459101490553132,82.25,0.47712125471966244,0,0.2857142857142857,0
1151616827,1,2,0.6931471805599453,85,0.47712125471966244,0,1,0
1151616837,1,10,2.302585092994046,96.875,0.9542425094393249,0,0.8,0
1151616843,1,74,4.30406509320417,69.88970588235294,1.6901960800285136,1.3222192947339193,0.6486486486486487,0.2702702702702703
1151616849,1,30,3.4011973816621555,93.95,1.0413926851582251,0,0.3333333333333333,0
1151616851,1,1,0,100,0.3010299956639812,0,1,0
1151616861,1,32,3.4657359027997265,87.62068965517241,1.462397997898956,0.3010299956639812,0.875,0.03125
1151616875,1,9,2.1972245773362196,NaN,0,0,0,0
1151616913,1,4,1.3862943611198906,90,0.6989700043360189,0,1,0
1151616919,1,58,4.060443010546419,84.125,1.5185139398778875,0.6989700043360189,0.5517241379310345,0.06896551724137931
1151616921,1,1,0,90,0.3010299956639812,0,1,0
1151616939,1,28,3.332204510175204,45.77777777777778,1,1.2787536009528289,0.32142857142857145,0.6428571428571429
1151616947,1,9,2.1972245773362196,90,1,0,1,0
1151616967,1,1,0,100,0.3010299956639812,0,1,0
1151616971,1,1,0,90,0.3010299956639812,0,1,0
1151616973,1,8,2.0794415416798357,89.16666666666667,0.8450980400142568,0,0.75,0
1151616977,1,56,4.02535169073515,95.76923076923077,1.4313637641589874,0,0.4642857142857143,0
1151616983,1,34,3.5263605246161616,84.38636363636364,1.3424226808222062,0.3010299956639812,0.6176470588235294,0.029411764705882353
1151616987,1,33,3.4965075614664802,90.39655172413794,1.462397997898956,0.3010299956639812,0.8484848484848485,0.030303030303030304
1151616993,1,4,1.3862943611198906,67.5,0.6020599913279624,0,0.75,0
1151616997,1,59,4.07753744390572,97.24,1.6989700043360187,0.3010299956639812,0.8305084745762712,0.01694915254237288
1151617011,1,33,3.4965075614664802,92.83333333333333,1.3424226808222062,0,0.6363636363636364,0
1151617017,1,22,3.091042453358316,92.26190476190476,1.3424226808222062,0,0.9545454545454546,0
1151617021,1,6,1.791759469228055,71.58333333333333,0.7781512503836436,0.3010299956639812,0.8333333333333334,0.16666666666666666
1151617023,1,9,2.1972245773362196,92.5,1,0,1,0
1151617025,1,14,2.6390573296152584,95.83333333333333,1,0,0.6428571428571429,0
1151617031,1,12,2.4849066497880004,81.7,1,0.3010299956639812,0.75,0.08333333333333333
1151617039,1,94,4.543294782270004,74.07065217391305,1.968482948553935,0,0.9787234042553191,0
1151617043,1,99,4.59511985013459,76.52941176470588,1.4771212547196624,0.7781512503836436,0.29292929292929293,0.050505050505050504
1151617049,1,153,5.030437921392435,92.44827586206897,2.164352855784437,0,0.9477124183006536,0
1151617053,1,80,4.382026634673881,90.64189189189189,1.8750612633917,0,0.925,0
1151617055,1,2,0.6931471805599453,92.5,0.47712125471966244,0,1,0
1151617079,1,6,1.791759469228055,90,0.7781512503836436,0,0.8333333333333334,0
1151617095,1,13,2.5649493574615367,86.25,0.9542425094393249,0,0.6153846153846154,0
1151617105,1,1,0,82.5,0.3010299956639812,0,1,0
1151617113,1,79,4.3694478524670215,91.09649122807018,1.7634279935629373,0,0.7215189873417721,0
1151617115,1,18,2.8903717578961645,91.11111111111111,1.2787536009528289,0,1,0
1151617117,1,3,1.0986122886681098,94.16666666666667,0.6020599913279624,0,1,0
1151617119,1,5,1.6094379124341003,92.5,0.47712125471966244,0,0.4,0
1151617127,1,7,1.9459101490553132,60,0.47712125471966244,0.3010299956639812,0.2857142857142857,0.14285714285714285
1151617151,1,21,3.044522437723423,92.5952380952381,1.3424226808222062,0,1,0
1151617161,1,2,0.6931471805599453,88.75,0.47712125471966244,0,1,0
1151617185,1,63,4.143134726391533,77.71428571428571,1.3617278360175928,0.8450980400142568,0.3492063492063492,0.09523809523809523
1151617191,1,1,0,95,0.3010299956639812,0,1,0
1151617209,1,138,4.927253685157205,87.77215189873418,1.8976270912904414,0.3010299956639812,0.5652173913043478,0.007246376811594203
1151617213,1,5,1.6094379124341003,93.33333333333333,0.6020599913279624,0,0.6,0
1151617217,1,39,3.6635616461296463,74.94285714285714,1.5440680443502757,0.3010299956639812,0.8717948717948718,0.02564102564102564
1151617221,1,1,0,95,0.3010299956639812,0,1,0
1151617223,1,20,2.995732273553991,91.05263157894737,1.3010299956639813,0,0.95,0
1151617227,1,4,1.3862943611198906,44.5,0,0.3010299956639812,0,0.25
1151617229,1,67,4.204692619390966,74.28,1.3979400086720377,0.3010299956639812,0.3582089552238806,0.014925373134328358
1151617245,1,42,3.7376696182833684,83.33333333333333,0.8450980400142568,0,0.14285714285714285,0
1151617255,1,8,2.0794415416798357,93.14285714285714,0.8450980400142568,0.3010299956639812,0.75,0.125
1151617257,1,2,0.6931471805599453,76,0.3010299956639812,0.3010299956639812,0.5,0.5
1151617269,1,60,4.0943445622221,91.93181818181819,1.6434526764861874,0.3010299956639812,0.7166666666666667,0.016666666666666666
1151617307,1,12,2.4849066497880004,87.5,0.3010299956639812,0,0.08333333333333333,0
1151617317,1,7,1.9459101490553132,NaN,0,0,0,0
1151617319,1,17,2.833213344056216,93.57142857142857,0.9030899869919435,0,0.4117647058823529,0
1151617323,1,3,1.0986122886681098,94.16666666666667,0.6020599913279624,0,1,0
1151617327,1,28,3.332204510175204,82.97916666666667,1.380211241711606,0.3010299956639812,0.8214285714285714,0.03571428571428571
1151617329,1,23,3.1354942159291497,100,1.0791812460476249,0,0.4782608695652174,0
1151617339,1,16,2.772588722239781,96.94444444444444,1,0,0.5625,0
1151617345,1,156,5.049856007249537,94.31451612903226,1.7993405494535817,0,0.3974358974358974,0
1151617355,1,10,2.302585092994046,88.125,0.9542425094393249,0,0.8,0
1151617361,1,21,3.044522437723423,87.85,1.3222192947339193,0,0.9523809523809523,0
1151617363,1,350,5.857933154483459,93.30882352941177,1.8388490907372552,0,0.19428571428571428,0
1151617383,1,56,4.02535169073515,90,1.5563025007672873,0,0.625,0
1151617401,1,10,2.302585092994046,90.625,0.9542425094393249,0,0.8,0
1151617413,1,13,2.5649493574615367,90,0.3010299956639812,0,0.07692307692307693,0
1151617423,1,37,3.6109179126442243,88.29166666666667,1.0791812460476249,0.3010299956639812,0.2972972972972973,0.02702702702702703
1151617427,1,158,5.062595033026967,98.6474358974359,1.8976270912904414,0,0.4936708860759494,0
1151617443,1,8,2.0794415416798357,94.625,0.9542425094393249,0,1,0
1151617461,1,2,0.6931471805599453,67.5,0.3010299956639812,0,0.5,0
1151617465,1,1,0,NaN,0,0,0,0
1151617467,1,10,2.302585092994046,90.4,0.6989700043360189,0.3010299956639812,0.4,0.1
1151617469,1,15,2.70805020110221,75,0.3010299956639812,0,0.06666666666666667,0
1151617509,1,2,0.6931471805599453,90,0.47712125471966244,0,1,0
1151617521,1,6,1.791759469228055,100,0.3010299956639812,0,0.16666666666666666,0
1151617537,1,3,1.0986122886681098,100,0.3010299956639812,0,0.3333333333333333,0
1151617543,1,43,3.7612001156935624,87.28378378378379,1.568201724066995,0.3010299956639812,0.8372093023255814,0.023255813953488372
1151617563,1,1,0,100,0.3010299956639812,0,1,0
1151617567,1,1,0,90,0.3010299956639812,0,1,0
1151617577,1,20,2.995732273553991,96.47058823529412,1.255272505103306,0,0.85,0
1151617579,1,27,3.295836866004329,90,1.3617278360175928,0,0.8148148148148148,0
1151617581,1,42,3.7376696182833684,91,1.3979400086720377,0.6020599913279624,0.5714285714285714,0.07142857142857142
1151617595,1,19,2.9444389791664403,89.82142857142857,1.1760912590556813,0,0.7368421052631579,0
1151617609,1,16,2.772588722239781,92.14285714285714,0.9030899869919435,0,0.4375,0
1151617613,1,65,4.174387269895637,93.95833333333333,1.380211241711606,0.3010299956639812,0.35384615384615387,0.015384615384615385
1151617621,1,2,0.6931471805599453,96.25,0.47712125471966244,0,1,0
1151617639,1,96,4.564348191467836,96.6,1.9493900066449128,0.47712125471966244,0.9166666666666666,0.020833333333333332
1151617641,1,267,5.58724865840025,89.85882352941177,2.406540180433955,0.3010299956639812,0.951310861423221,0.003745318352059925
1151617645,1,58,4.060443010546419,86.71296296296296,1.7075701760979363,0.6989700043360189,0.8620689655172413,0.06896551724137931
1151617661,1,27,3.295836866004329,92.375,1.3979400086720377,0,0.8888888888888888,0
1151617665,1,102,4.624972813284271,90.48469387755102,1.99563519459755,0,0.9607843137254902,0
1151617673,1,2,0.6931471805599453,92.5,0.3010299956639812,0,0.5,0
1151617681,1,1,0,69.5,0.3010299956639812,0,1,0
1151617693,1,1,0,100,0.3010299956639812,0,1,0
1151617697,1,30,3.4011973816621555,90.33333333333333,1.4913616938342726,0,1,0
1151617707,1,39,3.6635616461296463,91.51282051282051,1.591064607026499,0.3010299956639812,0.9743589743589743,0.02564102564102564
1151617745,1,5,1.6094379124341003,87.9,0.7781512503836436,0,1,0
1151617755,1,53,3.970291913552122,87.83333333333333,0.7781512503836436,0.3010299956639812,0.09433962264150944,0.018867924528301886
1151617757,1,233,5.4510384535657,98.4375,0.9542425094393249,0,0.034334763948497854,0
1151617759,1,1,0,40,0,0.3010299956639812,0,1
1151617761,1,16,2.772588722239781,54.54545454545455,0.6989700043360189,0.9030899869919435,0.25,0.4375
1151617769,1,2,0.6931471805599453,93.75,0.47712125471966244,0,1,0
1151617775,1,6,1.791759469228055,88.33333333333333,0.6020599913279624,0,0.5,0
1151617785,1,10,2.302585092994046,63.714285714285715,0.6020599913279624,0.6989700043360189,0.3,0.4
1151617789,1,113,4.727387818712341,90.47802197802197,1.9493900066449128,0.6020599913279624,0.7787610619469026,0.02654867256637168
1151617835,1,21,3.044522437723423,92.91666666666667,1.2787536009528289,0,0.8571428571428571,0
1151617837,1,1,0,100,0.3010299956639812,0,1,0
1151617843,1,60,4.0943445622221,98.33333333333333,0.8450980400142568,0,0.1,0
1151617855,1,9,2.1972245773362196,87.5,0.8450980400142568,0,0.6666666666666666,0
1151617867,1,79,4.3694478524670215,95,1.5314789170422551,0,0.4177215189873418,0
1151617871,1,13,2.5649493574615367,96.73076923076923,1.146128035678238,0,1,0
1151617879,1,103,4.634728988229636,85.51515151515152,1.505149978319906,0.47712125471966244,0.30097087378640774,0.019417475728155338
1151617889,1,2,0.6931471805599453,52,0,0.47712125471966244,0,1
1151617891,1,9,2.1972245773362196,93.4375,0.9542425094393249,0,0.8888888888888888,0
1151617895,1,24,3.1780538303479458,88.5,0.7781512503836436,0,0.20833333333333334,0
1151617931,1,16,2.772588722239781,96.78571428571429,0.9030899869919435,0,0.4375,0
1151617937,1,22,3.091042453358316,92.79411764705883,1.255272505103306,0,0.7727272727272727,0
1151617941,1,35,3.5553480614894135,90.68,1.3979400086720377,0.3010299956639812,0.6857142857142857,0.02857142857142857
1151617943,1,11,2.3978952727983707,84.94444444444444,0.9542425094393249,0.3010299956639812,0.7272727272727273,0.09090909090909091
1151617945,1,72,4.276666119016055,93.24626865671642,1.8325089127062364,0,0.9305555555555556,0
1151617949,1,47,3.8501476017100584,87.03125,1.2304489213782739,0,0.3404255319148936,0
1151617955,1,40,3.6888794541139363,87.8970588235294,1.505149978319906,0.6020599913279624,0.775,0.075
1151617959,1,76,4.330733340286331,75.66438356164383,1.8692317197309762,0,0.9605263157894737,0
1151617961,1,119,4.77912349311153,83.56043956043956,1.9138138523837167,1.0413926851582251,0.680672268907563,0.08403361344537816
1151617965,1,428,6.059123195581797,90.45629820051414,2.5854607295085006,0.7781512503836436,0.897196261682243,0.011682242990654205
1151617973,1,1,0,92.5,0.3010299956639812,0,1,0
1151617981,1,41,3.713572066704308,90.68181818181819,1.0791812460476249,0,0.2682926829268293,0
1151617985,1,1,0,NaN,0,0,0,0
1151617995,1,23,3.1354942159291497,87.08333333333333,1.255272505103306,0.3010299956639812,0.7391304347826086,0.043478260869565216
1151617999,1,5,1.6094379124341003,89.25,0.6989700043360189,0,0.8,0
1151618007,1,141,4.948759890378168,87.5,2.113943352306837,0,0.9148936170212766,0
1151618009,1,8,2.0794415416798357,96.42857142857143,0.9030899869919435,0,0.875,0
1151618023,1,114,4.736198448394496,88.53125,1.1760912590556813,0.47712125471966244,0.12280701754385964,0.017543859649122806
1151618025,1,3,1.0986122886681098,93.75,0.47712125471966244,0,0.6666666666666666,0
1151618031,1,6424,8.767796255626598,88.00987151363209,3.805024844429805,0,0.9934620174346201,0
1151618033,1,4,1.3862943611198906,NaN,0,0,0,0
1151618045,1,6,1.791759469228055,100,0.6020599913279624,0,0.5,0
1151618081,1,11,2.3978952727983707,94.16666666666667,1,0,0.8181818181818182,0
1151618093,1,2,0.6931471805599453,NaN,0,0,0,0
1151618103,1,281,5.638354669333745,98.47115384615384,2.3201462861110542,0,0.7402135231316725,0
1151618107,1,14,2.6390573296152584,90.35714285714286,1.1760912590556813,0,1,0
1151618115,1,140,4.941642422609304,91.27906976744185,1.6434526764861874,0,0.30714285714285716,0
1151618121,1,45,3.8066624897703196,94.375,1.2304489213782739,0,0.35555555555555557,0
1151618129,1,44,3.784189633918261,93.26923076923077,1.146128035678238,0,0.29545454545454547,0
1151618131,1,125,4.8283137373023015,29.90740740740741,0.9542425094393249,1.6720978579357175,0.064,0.368
1151618135,1,133,4.890349128221754,NaN,0,0,0,0
1151618137,1,26,3.258096538021482,94,1.2041199826559248,0,0.5769230769230769,0
1151618143,1,5,1.6094379124341003,69.16666666666667,0.47712125471966244,0.3010299956639812,0.4,0.2
1151618145,1,6,1.791759469228055,87.5,0.8450980400142568,0,1,0
1151618147,1,4,1.3862943611198906,100,0.6020599913279624,0,0.75,0
1151618157,1,3,1.0986122886681098,92.5,0.6020599913279624,0,1,0
1151618171,1,16,2.772588722239781,100,0.3010299956639812,0,0.0625,0
1151618179,1,7,1.9459101490553132,86.25,0.8450980400142568,0,0.8571428571428571,0
1151618183,1,23,3.1354942159291497,91.66666666666667,1.2041199826559248,0,0.6521739130434783,0
1151618197,1,1,0,87.5,0.3010299956639812,0,1,0
1151618207,1,3,1.0986122886681098,NaN,0,0,0,0
1151618219,1,4,1.3862943611198906,93.75,0.47712125471966244,0,0.5,0
1151618231,1,1,0,85,0.3010299956639812,0,1,0
1151618269,1,1,0,82.5,0.3010299956639812,0,1,0
1151618275,1,9,2.1972245773362196,87.42857142857143,0.8450980400142568,0.3010299956639812,0.6666666666666666,0.1111111111111111
1151618307,1,12,2.4849066497880004,93.125,0.9542425094393249,0,0.6666666666666666,0
1151618313,1,22,3.091042453358316,96.875,0.6989700043360189,0,0.18181818181818182,0
1151618315,1,1,0,90,0.3010299956639812,0,1,0
1151618317,1,1,0,NaN,0,0,0,0
1151618331,1,2,0.6931471805599453,72.5,0.3010299956639812,0.3010299956639812,0.5,0.5
1151618343,1,6,1.791759469228055,95.83333333333333,0.8450980400142568,0,1,0
1151618355,1,6,1.791759469228055,88.33333333333333,0.8450980400142568,0,1,0
1151618421,1,3,1.0986122886681098,87.5,0.6020599913279624,0,1,0
1151618423,1,21,3.044522437723423,95.96153846153847,1.146128035678238,0,0.6190476190476191,0
1151618427,1,4,1.3862943611198906,87.5,0.47712125471966244,0,0.5,0
1151618445,1,28,3.332204510175204,82.5,1.414973347970818,0,0.8928571428571429,0
1151618465,1,11,2.3978952727983707,79.63636363636364,1,0.47712125471966244,0.8181818181818182,0.18181818181818182
1151618471,1,30,3.4011973816621555,87.29166666666667,1.1139433523068367,0,0.4,0
1151618477,1,9,2.1972245773362196,95,1,0,1,0
1151618489,1,1,0,100,0.3010299956639812,0,1,0
1151618493,1,252,5.529429087511423,92.68565400843882,2.369215857410143,0.6989700043360189,0.9246031746031746,0.015873015873015872
1151618495,1,14,2.6390573296152584,86.15384615384616,1.146128035678238,0,0.9285714285714286,0
1151618513,1,386,5.955837369464831,94.31818181818181,1.3617278360175928,0,0.05699481865284974,0
1151618517,1,11,2.3978952727983707,91.81818181818181,1.0791812460476249,0,1,0
1151618541,1,25,3.2188758248682006,91.93181818181819,1.3617278360175928,0,0.88,0
1151618557,1,3350,8.116715624819111,87.39024390243902,1.6232492903979006,0,0.012238805970149255,0
1151618563,1,137,4.919980925828125,89.83211678832117,2.1367205671564067,0.3010299956639812,0.9927007299270073,0.0072992700729927005
1151618567,1,1,0,NaN,0,0,0,0
1151618579,1,5,1.6094379124341003,97.5,0.47712125471966244,0,0.4,0
1151618609,1,43,3.7612001156935624,92.6923076923077,1.4313637641589874,0,0.6046511627906976,0
1151618623,1,161,5.081404364984463,88.5738255033557,2.1760912590556813,0,0.9254658385093167,0
1151618637,1,231,5.442417710521793,87.8112582781457,2.1818435879447726,0,0.6536796536796536,0
1151618641,1,9,2.1972245773362196,90,0.7781512503836436,0,0.5555555555555556,0
1151618643,1,194,5.267858159063328,88.14245810055866,2.255272505103306,0,0.9226804123711341,0
1151618649,1,3,1.0986122886681098,100,0.3010299956639812,0,0.3333333333333333,0
1151618657,1,3,1.0986122886681098,87.5,0.47712125471966244,0,0.6666666666666666,0
1151618689,1,3,1.0986122886681098,100,0.6020599913279624,0,1,0
1151618715,1,1,0,77.5,0.3010299956639812,0,1,0
1151618721,1,493,6.20050917404269,94.1025641025641,1.6020599913279623,0,0.07910750507099391,0
1151618723,1,243,5.493061443340548,61.529680365296805,1.7403626894942439,2.220108088040055,0.2222222222222222,0.6790123456790124
1151618735,1,30,3.4011973816621555,98.53448275862068,1.4771212547196624,0,0.9666666666666667,0
1151618777,1,411,6.018593214496234,87.10703363914374,2.505149978319906,0.9542425094393249,0.7761557177615572,0.019464720194647202
1151618781,1,5,1.6094379124341003,87.5,0.47712125471966244,0,0.4,0
1151618791,1,39,3.6635616461296463,87.5,1.591064607026499,0,0.9743589743589743,0
1151618797,1,161,5.081404364984463,87.67054263565892,2.113943352306837,0,0.8012422360248447,0
1151618815,1,5,1.6094379124341003,78.9,0.6989700043360189,0.3010299956639812,0.8,0.2
1151618847,1,6,1.791759469228055,91.25,0.6989700043360189,0,0.6666666666666666,0
1151618855,1,122,4.804021044733257,86.8735632183908,1.8920946026904804,1.0413926851582251,0.6311475409836066,0.08196721311475409
1151618867,1,71,4.2626798770413155,89.41666666666667,1.4913616938342726,0,0.4225352112676056,0
1151618869,1,73,4.290459441148391,89.3360655737705,1.7853298350107671,0.3010299956639812,0.821917808219178,0.0136986301369863
1151618889,1,3,1.0986122886681098,82.5,0.47712125471966244,0,0.6666666666666666,0
1151618895,1,46,3.828641396489095,91.1413043478261,1.6720978579357175,0,1,0
1151618909,1,11,2.3978952727983707,90,0.6020599913279624,0,0.2727272727272727,0
1151618941,1,49,3.8918202981106265,92.70967741935483,1.4771212547196624,0.47712125471966244,0.5918367346938775,0.04081632653061224
1151618947,1,5,1.6094379124341003,90,0.7781512503836436,0,1,0
1151618975,1,258,5.552959584921617,89.36055776892431,2.392696953259666,0.7781512503836436,0.9534883720930233,0.01937984496124031
1151618999,1,355,5.872117789475416,89.609375,1.8129133566428555,0,0.18028169014084508,0
1151619001,1,25,3.2188758248682006,91.3,1.3222192947339193,0,0.8,0
1151619011,1,2,0.6931471805599453,NaN,0,0,0,0
1151619027,1,121,4.795790545596741,81.42056074766356,2.0293837776852097,0.3010299956639812,0.8760330578512396,0.008264462809917356
1151619029,1,3,1.0986122886681098,87.5,0.6020599913279624,0,1,0
1151619031,1,1,0,NaN,0,0,0,0
1151619039,1,5,1.6094379124341003,91.875,0.6989700043360189,0,0.8,0
1151619045,1,17,2.833213344056216,73.25,1.0413926851582251,0,0.5882352941176471,0
1151619057,1,4,1.3862943611198906,92.5,0.6989700043360189,0,1,0
1151619069,1,14,2.6390573296152584,71.03571428571429,0.9542425094393249,0.8450980400142568,0.5714285714285714,0.42857142857142855
1151619071,1,64,4.1588830833596715,90.84677419354838,1.7993405494535817,0,0.96875,0
1151619089,1,5,1.6094379124341003,89.5,0.7781512503836436,0,1,0
1151697175,1,1,0,NaN,0,0,0,0
1151697841,1,7,1.9459101490553132,90,0.3010299956639812,0,0.14285714285714285,0
1151713529,1,247,5.5093883366279774,95.40322580645162,1.505149978319906,0,0.12550607287449392,0
1151714261,1,27,3.295836866004329,96.13636363636364,1.0791812460476249,0,0.4074074074074074,0
1151714673,1,4,1.3862943611198906,96.875,0.6989700043360189,0,1,0
1151714809,1,188,5.236441962829949,89.70338983050847,2.250420002308894,0,0.9414893617021277,0
1151730259,1,2,0.6931471805599453,95,0.47712125471966244,0,1,0
1151730417,1,76,4.330733340286331,NaN,0,0,0,0
1151730721,1,65,4.174387269895637,95.46875,1.2304489213782739,0,0.24615384615384617,0
1151731327,1,176,5.170483995038151,75.99346405228758,2.1818435879447726,0.47712125471966244,0.8579545454545454,0.011363636363636364
1151731589,1,3,1.0986122886681098,NaN,0,0,0,0
1151731929,1,6,1.791759469228055,NaN,0,0,0,0
1151732257,1,11,2.3978952727983707,97.5,0.9542425094393249,0,0.7272727272727273,0
1151733351,1,89,4.48863636973214,90.27777777777777,1.9138138523837167,0,0.9101123595505618,0
1151733629,1,2,0.6931471805599453,NaN,0,0,0,0
1151738077,1,8,2.0794415416798357,97.91666666666667,0.8450980400142568,0,0.75,0
1151746413,1,9,2.1972245773362196,NaN,0,0,0,0
1151746437,1,9,2.1972245773362196,74.85714285714286,0.8450980400142568,0.3010299956639812,0.6666666666666666,0.1111111111111111
1151746529,1,1,0,NaN,0,0,0,0
1151746769,1,59,4.07753744390572,87.94444444444444,1.6812412373755872,0.9030899869919435,0.7966101694915254,0.11864406779661017
1151746813,1,11,2.3978952727983707,89.72222222222223,1,0,0.8181818181818182,0
1151747059,1,8,2.0794415416798357,90.625,0.6989700043360189,0,0.5,0
1151747247,1,11,2.3978952727983707,71.5625,0.8450980400142568,0.47712125471966244,0.5454545454545454,0.18181818181818182
1151747749,1,42,3.7376696182833684,50.42857142857143,1.146128035678238,1.3617278360175928,0.30952380952380953,0.5238095238095238
1151748995,1,7,1.9459101490553132,87.5,0.9030899869919435,0,1,0
1151749007,1,74,4.30406509320417,89.5609756097561,1.6232492903979006,0,0.5540540540540541,0
1151762075,1,41,3.713572066704308,86.57142857142857,1.5563025007672873,0,0.8536585365853658,0
1151762103,1,10,2.302585092994046,89.25,1.0413926851582251,0,1,0
1151762147,1,1,0,87.5,0.3010299956639812,0,1,0
1151762373,1,27,3.295836866004329,96.31818181818181,1.0791812460476249,0,0.4074074074074074,0
1151762695,1,31,3.4339872044851463,88.75,1.462397997898956,0,0.9032258064516129,0
1151763263,1,296,5.69035945432406,88.8609865470852,2.342422680822206,0.6989700043360189,0.7398648648648649,0.013513513513513514
1151763403,1,1,0,NaN,0,0,0,0
1151763853,1,29,3.367295829986474,81.26086956521739,1.3010299956639813,0.6989700043360189,0.6551724137931034,0.13793103448275862
1151764259,1,15,2.70805020110221,80.375,1.0413926851582251,0.47712125471966244,0.6666666666666666,0.13333333333333333
1151764405,1,6,1.791759469228055,76.25,0.47712125471966244,0,0.3333333333333333,0
1151765071,1,18,2.8903717578961645,82.41176470588235,1.2304489213782739,0.3010299956639812,0.8888888888888888,0.05555555555555555
1151765101,1,5,1.6094379124341003,95,0.6989700043360189,0,0.8,0
1151776013,1,41,3.713572066704308,93.28125,1.2304489213782739,0,0.3902439024390244,0
1151776271,1,85,4.442651256490317,92.54444444444445,1.662757831681574,0,0.5294117647058824,0
1151776845,1,1,0,87.5,0.3010299956639812,0,1,0
1151776905,1,322,5.7745515455444085,84.21,2.173186268412274,0.47712125471966244,0.45962732919254656,0.006211180124223602
1151776925,1,49,3.8918202981106265,91.66666666666667,1.5185139398778875,0.3010299956639812,0.6530612244897959,0.02040816326530612
1151777523,1,95,4.553876891600541,84.17934782608695,1.9637878273455553,0.3010299956639812,0.9578947368421052,0.010526315789473684
1151777915,1,3,1.0986122886681098,70,0.6020599913279624,0,1,0
1151778075,1,16,2.772588722239781,94.82142857142857,1.1760912590556813,0,0.875,0
1151794877,1,659,6.490723534502507,88.54699537750385,2.8129133566428557,0,0.9848254931714719,0
1151795163,1,2,0.6931471805599453,82.5,0.47712125471966244,0,1,0
1151795175,1,6,1.791759469228055,91.16666666666667,0.8450980400142568,0,1,0
1151795785,1,15,2.70805020110221,84.15384615384616,1.1139433523068367,0.3010299956639812,0.8,0.06666666666666667
1151795919,1,89,4.48863636973214,91.27777777777777,1.863322860120456,0,0.8089887640449438,0
1151811723,1,1,0,100,0.3010299956639812,0,1,0
1151812375,1,31,3.4339872044851463,84.8103448275862,1.4771212547196624,0,0.9354838709677419,0
1151812643,1,6,1.791759469228055,NaN,0,0,0,0
1151812779,1,8,2.0794415416798357,95,0.9542425094393249,0,1,0
1151812785,1,20,2.995732273553991,89.77272727272727,1.0791812460476249,0,0.55,0
1151812829,1,104,4.6443908991413725,68.72549019607843,1.9493900066449128,1.1760912590556813,0.8461538461538461,0.1346153846153846
1151812835,1,137,4.919980925828125,91.91089108910892,2.0086001717619175,0,0.7372262773722628,0
1151813011,1,10,2.302585092994046,91.94444444444444,1,0,0.9,0
1151813151,1,9,2.1972245773362196,100,0.6989700043360189,0,0.4444444444444444,0
1151813407,1,61,4.110873864173311,61.51063829787234,1.4471580313422192,1.3222192947339193,0.4426229508196721,0.32786885245901637
1151829881,1,5,1.6094379124341003,87.5,0.47712125471966244,0,0.4,0
1151830473,1,452,6.113682179832232,88.12134831460673,2.6464037262230695,0.6020599913279624,0.9778761061946902,0.00663716814159292
1151838531,1,3,1.0986122886681098,91.66666666666667,0.6020599913279624,0,1,0
1151846057,1,1,0,100,0.3010299956639812,0,1,0
1151846951,1,5,1.6094379124341003,85.9,0.7781512503836436,0,1,0
1151847885,1,2,0.6931471805599453,90,0.47712125471966244,0,1,0
1151863065,1,1,0,NaN,0,0,0,0
1151878331,1,15,2.70805020110221,98.4090909090909,1.0791812460476249,0,0.7333333333333333,0
1151879783,1,4,1.3862943611198906,80.83333333333333,0.6020599913279624,0,0.75,0
1151885923,1,1,0,100,0.3010299956639812,0,1,0
1151901897,1,1,0,100,0.3010299956639812,0,1,0
1151908845,1,2,0.6931471805599453,52,0,0.3010299956639812,0,0.5
1151909115,1,122,4.804021044733257,89.59183673469387,1.99563519459755,0,0.8032786885245902,0
1151910349,1,5,1.6094379124341003,77.3,0.6989700043360189,0.3010299956639812,0.8,0.2
1151923421,1,5,1.6094379124341003,90,0.7781512503836436,0,1,0
1151923651,1,63,4.143134726391533,72.19166666666666,1.591064607026499,1.3617278360175928,0.6031746031746031,0.3492063492063492
1151938415,1,275,5.616771097666572,87.67924528301887,2.424881636631067,0,0.9636363636363636,0
1151938641,1,15,2.70805020110221,76.1,1.146128035678238,0.47712125471966244,0.8666666666666667,0.13333333333333333
1151938903,1,4,1.3862943611198906,93.33333333333333,0.6020599913279624,0,0.75,0
1151951965,1,22,3.091042453358316,91.6923076923077,1.146128035678238,0,0.5909090909090909,0
1151952291,1,4,1.3862943611198906,94.16666666666667,0.6020599913279624,0,0.75,0
1151952377,1,7,1.9459101490553132,95.5,0.7781512503836436,0,0.7142857142857143,0
1151952381,1,4,1.3862943611198906,90,0.6989700043360189,0,1,0
1151966411,1,10,2.302585092994046,90,1,0,0.9,0
1151966681,1,10,2.302585092994046,84.72222222222223,1,0,0.9,0
1151966963,1,2,0.6931471805599453,90,0.47712125471966244,0,1,0
1151973861,1,147,4.990432586778736,79.475,1.255272505103306,0.6020599913279624,0.11564625850340136,0.02040816326530612
1151996063,1,280,5.634789603169249,86.73376623376623,1.8808135922807914,0.47712125471966244,0.26785714285714285,0.007142857142857143
1151996205,1,2,0.6931471805599453,68.75,0.3010299956639812,0.3010299956639812,0.5,0.5
1151996507,1,105,4.653960350157523,88.72058823529412,2.012837224705172,0,0.9714285714285714,0
1151996571,1,8,2.0794415416798357,88.125,0.6989700043360189,0,0.5,0
1151996575,1,4,1.3862943611198906,17.5,0,0.3010299956639812,0,0.25
1152017871,1,3,1.0986122886681098,87.5,0.6020599913279624,0,1,0
1152021715,1,2,0.6931471805599453,NaN,0,0,0,0
1152028367,1,20,2.995732273553991,87.5,1.255272505103306,0,0.85,0
1152034743,1,683,6.52649485957079,86.776706231454,2.829303772831025,0,0.986822840409956,0
1152061843,1,139,4.9344739331306915,83.23275862068965,1.7481880270062005,0.6020599913279624,0.39568345323741005,0.02158273381294964
1152062045,1,425,6.052089168924417,92.38207547169812,2.4899584794248346,1.0413926851582251,0.7247058823529412,0.023529411764705882
1152080103,1,142,4.955827057601261,97,1.0413926851582251,0,0.07042253521126761,0
1152098669,1,13,2.5649493574615367,90,0.47712125471966244,0,0.15384615384615385,0
1152099111,1,19,2.9444389791664403,90,1.2304489213782739,0,0.8421052631578947,0
1152099139,1,2,0.6931471805599453,75,0.47712125471966244,0,1,0
1152099277,1,27,3.295836866004329,73.5,1.0791812460476249,0.6989700043360189,0.4074074074074074,0.14814814814814814
1152117993,1,71,4.2626798770413155,94.85,1.8512583487190752,0,0.9859154929577465,0
1152118331,1,28,3.332204510175204,90.91666666666667,1.2787536009528289,0,0.6428571428571429,0
1152124995,1,257,5.54907608489522,89.31818181818181,1.0791812460476249,0,0.042801556420233464,0
1152136221,1,1,0,100,0.3010299956639812,0,1,0
1152136431,1,91,4.51085950651685,90.20161290322581,1.7993405494535817,0,0.6813186813186813,0
1152181317,1,10,2.302585092994046,91.11111111111111,1,0,0.9,0
1152181961,1,36,3.58351893845611,90,1.5440680443502757,0,0.9444444444444444,0
1152195087,1,2,0.6931471805599453,97.5,0.47712125471966244,0,1,0
1152207937,1,296,5.69035945432406,96.04,1.7075701760979363,0,0.16891891891891891,0
1152208083,1,1,0,87.5,0.3010299956639812,0,1,0
1152221355,1,3,1.0986122886681098,100,0.3010299956639812,0,0.3333333333333333,0
1152259755,1,54,3.9889840465642745,89.16666666666667,0.6020599913279624,0,0.05555555555555555,0
1152272179,1,29,3.367295829986474,92.3076923076923,1.146128035678238,0,0.4482758620689655,0
1152284449,1,24,3.1780538303479458,100,0.3010299956639812,0,0.041666666666666664,0
1152284661,1,26,3.258096538021482,86.88888888888889,1,0,0.34615384615384615,0
1152366721,1,2,0.6931471805599453,87.5,0.47712125471966244,0,1,0
1152906121,1,47,3.8501476017100584,94.95833333333333,1.1139433523068367,0,0.2553191489361702,0
1153676387,1,16,2.772588722239781,87.16666666666667,0.9542425094393249,0.3010299956639812,0.5,0.0625
