caseid,totalnewsbinary_post_All_ref,totalnewscount_post_All_ref,log_news_post_All_ref,Average_domain_NewsG_Score_post_All_ref,Count_Reliable_NewsG_Score_post_All_ref,Count_Unreliable_NewsG_Score_post_All_ref,Prop_Reliable_NewsG_Score_post_All_ref,Prop_Unreliable_NewsG_Score_post_All_ref
1147325327,1,33,3.4965075614664802,80.26666666666667,1.462397997898956,0.47712125471966244,0.8484848484848485,0.06060606060606061
1147357513,1,123,4.812184355372417,94.90384615384616,1.4313637641589874,0,0.21138211382113822,0
1147357727,1,6,1.791759469228055,78.75,0.6989700043360189,0.47712125471966244,0.6666666666666666,0.3333333333333333
1147357933,1,2,0.6931471805599453,85,0.47712125471966244,0,1,0
1149913275,1,13,2.5649493574615367,90.625,0.6989700043360189,0,0.3076923076923077,0
1149913277,1,13,2.5649493574615367,90,1.0791812460476249,0,0.8461538461538461,0
1149913291,1,18,2.8903717578961645,96.11111111111111,1.2787536009528289,0,1,0
1149913297,1,10,2.302585092994046,94.0625,0.9542425094393249,0,0.8,0
1149913303,1,3,1.0986122886681098,100,0.3010299956639812,0,0.3333333333333333,0
1149913313,1,7,1.9459101490553132,91.42857142857143,0.9030899869919435,0,1,0
1149913315,1,3,1.0986122886681098,85.83333333333333,0.6020599913279624,0,1,0
1149913325,1,5,1.6094379124341003,76.25,0.6020599913279624,0.3010299956639812,0.6,0.2
1149913329,1,1,0,77,0.3010299956639812,0,1,0
1149913335,1,21,3.044522437723423,93,1.0413926851582251,0,0.47619047619047616,0
1149913353,1,122,4.804021044733257,91.37878787878788,1.99563519459755,0.3010299956639812,0.8032786885245902,0.00819672131147541
1149913361,1,23,3.1354942159291497,89.8913043478261,1.380211241711606,0,1,0
1149913369,1,55,4.007333185232471,92.30392156862744,1.7160033436347992,0,0.9272727272727272,0
1149913371,1,3,1.0986122886681098,90,0.6020599913279624,0,1,0
1149913373,1,13,2.5649493574615367,91.66666666666667,1.1139433523068367,0,0.9230769230769231,0
1149913377,1,153,5.030437921392435,92.60849056603773,2.0253058652647704,0.3010299956639812,0.6862745098039216,0.006535947712418301
1149913395,1,19,2.9444389791664403,91.78571428571429,0.9030899869919435,0,0.3684210526315789,0
1149913397,1,25,3.2188758248682006,91.05263157894737,1.3010299956639813,0,0.76,0
1149913399,1,32,3.4657359027997265,74.80645161290323,1.3979400086720377,0.9030899869919435,0.75,0.21875
1149913409,1,2,0.6931471805599453,88.75,0.47712125471966244,0,1,0
1149913413,1,5,1.6094379124341003,91.875,0.6989700043360189,0,0.8,0
1149913415,1,3,1.0986122886681098,90,0.47712125471966244,0,0.6666666666666666,0
1149913417,1,23,3.1354942159291497,91.36363636363636,1.3424226808222062,0.3010299956639812,0.9130434782608695,0.043478260869565216
1149913427,1,42,3.7376696182833684,89.83870967741936,1.505149978319906,0,0.7380952380952381,0
1149913433,1,224,5.4116460518550396,91.5552995391705,2.3384564936046046,0,0.96875,0
1149913439,1,6,1.791759469228055,88,0.6020599913279624,0.3010299956639812,0.5,0.16666666666666666
1149913443,1,12,2.4849066497880004,85.66666666666667,0.6020599913279624,0,0.25,0
1149913453,1,20,2.995732273553991,93.16666666666667,1.2787536009528289,0,0.9,0
1149913455,1,411,6.018593214496234,64.38287153652394,2.45484486000851,2.0569048513364727,0.6909975669099757,0.2749391727493917
1149913467,1,9,2.1972245773362196,85,0.6020599913279624,0,0.3333333333333333,0
1149913475,1,15,2.70805020110221,75.53571428571429,1.0791812460476249,0.6020599913279624,0.7333333333333333,0.2
1149913477,1,34,3.5263605246161616,91.390625,1.505149978319906,0.3010299956639812,0.9117647058823529,0.029411764705882353
1149913483,1,18,2.8903717578961645,90.83333333333333,1.2787536009528289,0,1,0
1149913511,1,17,2.833213344056216,90.93333333333334,1.2041199826559248,0,0.8823529411764706,0
1149913519,1,195,5.272999558563747,85.3157894736842,1.7481880270062005,0.47712125471966244,0.28205128205128205,0.010256410256410256
1149913569,1,13,2.5649493574615367,100,0.3010299956639812,0,0.07692307692307693,0
1149913575,1,2,0.6931471805599453,NaN,0,0,0,0
1149913577,1,33,3.4965075614664802,89.36206896551724,1.462397997898956,0.3010299956639812,0.8484848484848485,0.030303030303030304
1149913583,1,10,2.302585092994046,87.5,0.47712125471966244,0,0.2,0
1149913591,1,28,3.332204510175204,87.9090909090909,1.3222192947339193,0.47712125471966244,0.7142857142857143,0.07142857142857142
1149913703,1,124,4.820281565605037,88.77049180327869,2.089905111439398,0,0.9838709677419355,0
1149913749,1,65,4.174387269895637,NaN,0,0,0,0
1149913763,1,18,2.8903717578961645,89.41176470588235,1.255272505103306,0,0.9444444444444444,0
1149913781,1,4,1.3862943611198906,79.375,0.6989700043360189,0,1,0
1149913805,1,13,2.5649493574615367,100,0.47712125471966244,0,0.15384615384615385,0
1149913819,1,1,0,NaN,0,0,0,0
1149913841,1,2,0.6931471805599453,NaN,0,0,0,0
1149913855,1,5,1.6094379124341003,NaN,0,0,0,0
1149913861,1,1,0,90,0.3010299956639812,0,1,0
1149913865,1,9,2.1972245773362196,90,1,0,1,0
1149913909,1,52,3.9512437185814275,67.12,1.3617278360175928,0.6020599913279624,0.4230769230769231,0.057692307692307696
1149913935,1,1,0,NaN,0,0,0,0
1149913937,1,11,2.3978952727983707,90,1.0791812460476249,0,1,0
1149913979,1,10,2.302585092994046,96.75,1.0413926851582251,0,1,0
1149914039,1,3,1.0986122886681098,100,0.3010299956639812,0,0.3333333333333333,0
1149914067,1,40,3.6888794541139363,85.71428571428571,0.9030899869919435,0,0.175,0
1150928265,1,12,2.4849066497880004,81.36363636363636,1.0413926851582251,0.3010299956639812,0.8333333333333334,0.08333333333333333
1150928269,1,2,0.6931471805599453,100,0.47712125471966244,0,1,0
1150928277,1,3,1.0986122886681098,82.5,0.47712125471966244,0,0.6666666666666666,0
1150928279,1,10,2.302585092994046,89.375,0.9542425094393249,0,0.8,0
1150928287,1,1,0,87.5,0.3010299956639812,0,1,0
1150928291,1,1,0,NaN,0,0,0,0
1150928297,1,11,2.3978952727983707,81.5,1,0.3010299956639812,0.8181818181818182,0.09090909090909091
1150928299,1,4,1.3862943611198906,88.75,0.47712125471966244,0,0.5,0
1150928301,1,21,3.044522437723423,69.16666666666667,1.0413926851582251,0.7781512503836436,0.47619047619047616,0.23809523809523808
1150928303,1,25,3.2188758248682006,95.3,1.414973347970818,0,1,0
1150928305,1,34,3.5263605246161616,87.30952380952381,1.2787536009528289,0.6020599913279624,0.5294117647058824,0.08823529411764706
1150928315,1,2,0.6931471805599453,90,0.47712125471966244,0,1,0
1150928325,1,23,3.1354942159291497,82.70833333333333,1.0791812460476249,0.3010299956639812,0.4782608695652174,0.043478260869565216
1150928339,1,1,0,NaN,0,0,0,0
1150928343,1,38,3.6375861597263857,68.13793103448276,1.2787536009528289,1.0791812460476249,0.47368421052631576,0.2894736842105263
1150928345,1,8,2.0794415416798357,86.64285714285714,0.9030899869919435,0,0.875,0
1150928363,1,37,3.6109179126442243,85.46875,1.2304489213782739,0,0.43243243243243246,0
1150928369,1,4,1.3862943611198906,100,0.3010299956639812,0,0.25,0
1150928371,1,3,1.0986122886681098,90,0.6020599913279624,0,1,0
1150928397,1,33,3.4965075614664802,79.38461538461539,1.3010299956639813,0.9030899869919435,0.5757575757575758,0.21212121212121213
1150928401,1,13,2.5649493574615367,91,1.0413926851582251,0,0.7692307692307693,0
1150928413,1,19,2.9444389791664403,86.46666666666667,1.146128035678238,0.47712125471966244,0.6842105263157895,0.10526315789473684
1150928421,1,24,3.1780538303479458,87.36111111111111,1.255272505103306,0.3010299956639812,0.7083333333333334,0.041666666666666664
1150928431,1,11,2.3978952727983707,83.66666666666667,0.7781512503836436,0.3010299956639812,0.45454545454545453,0.09090909090909091
1150928433,1,20,2.995732273553991,90.23684210526316,1.3010299956639813,0,0.95,0
1150928439,1,25,3.2188758248682006,93.92857142857143,1.3424226808222062,0,0.84,0
1150928453,1,12,2.4849066497880004,96.36363636363636,1.0791812460476249,0,0.9166666666666666,0
1150928457,1,220,5.393627546352362,89.83720930232558,2.230448921378274,0.6020599913279624,0.7681818181818182,0.013636363636363636
1150928461,1,6,1.791759469228055,96.66666666666667,0.8450980400142568,0,1,0
1150928463,1,10,2.302585092994046,100,0.3010299956639812,0,0.1,0
1150928465,1,38,3.6375861597263857,91.02631578947368,1.5797835966168101,0.3010299956639812,0.9736842105263158,0.02631578947368421
1150928473,1,2,0.6931471805599453,87.5,0.3010299956639812,0,0.5,0
1150928475,1,19,2.9444389791664403,91.1842105263158,1.3010299956639813,0,1,0
1150928485,1,2,0.6931471805599453,87.5,0.47712125471966244,0,1,0
1150928515,1,4,1.3862943611198906,100,0.6020599913279624,0,0.75,0
1150928525,1,21,3.044522437723423,90.11904761904762,1.3424226808222062,0,1,0
1150928529,1,10,2.302585092994046,76.875,0.9030899869919435,0.3010299956639812,0.7,0.1
1150928531,1,1756,7.470793774195062,91.54495990836197,3.2422929049829308,0,0.9943052391799544,0
1150928533,1,4,1.3862943611198906,52.5,0.3010299956639812,0.3010299956639812,0.25,0.25
1150928541,1,49,3.8918202981106265,85.56521739130434,1.6532125137753437,0.47712125471966244,0.8979591836734694,0.04081632653061224
1150928549,1,1,0,87.5,0.3010299956639812,0,1,0
1150928551,1,5,1.6094379124341003,90.4,0.7781512503836436,0,1,0
1150928555,1,105,4.653960350157523,90.76388888888889,1.568201724066995,0,0.34285714285714286,0
1150928565,1,13,2.5649493574615367,91.7,1.0413926851582251,0,0.7692307692307693,0
1150928567,1,5,1.6094379124341003,92.5,0.6989700043360189,0,0.8,0
1150928569,1,2,0.6931471805599453,95,0.3010299956639812,0,0.5,0
1150928589,1,1,0,NaN,0,0,0,0
1150928593,1,4,1.3862943611198906,96.66666666666667,0.6020599913279624,0,0.75,0
1150928599,1,4,1.3862943611198906,83.75,0.6989700043360189,0,1,0
1150928603,1,33,3.4965075614664802,89.41666666666667,1.4913616938342726,0,0.9090909090909091,0
1150928609,1,18,2.8903717578961645,92.5,1.1760912590556813,0,0.7777777777777778,0
1150928621,1,34,3.5263605246161616,94.98148148148148,1.4471580313422192,0,0.7941176470588235,0
1150928635,1,10,2.302585092994046,42.5,0.3010299956639812,0.47712125471966244,0.1,0.2
1150928639,1,5,1.6094379124341003,89.16666666666667,0.6020599913279624,0,0.6,0
1150928655,1,4,1.3862943611198906,85,0.3010299956639812,0,0.25,0
1150928659,1,5,1.6094379124341003,100,0.47712125471966244,0,0.4,0
1150928665,1,5,1.6094379124341003,44.5,0,0.47712125471966244,0,0.4
1150928669,1,7,1.9459101490553132,74,0.7781512503836436,0,0.7142857142857143,0
1150928675,1,7,1.9459101490553132,NaN,0,0,0,0
1150928679,1,83,4.418840607796598,90.86363636363636,1.8260748027008264,0,0.7951807228915663,0
1150928685,1,15,2.70805020110221,88.26923076923077,1.146128035678238,0,0.8666666666666667,0
1150928695,1,22,3.091042453358316,89.77272727272727,1.3617278360175928,0,1,0
1150928719,1,53,3.970291913552122,64.22093023255815,1.5185139398778875,1.0791812460476249,0.6037735849056604,0.20754716981132076
1150928727,1,14,2.6390573296152584,72.7,1,0.3010299956639812,0.6428571428571429,0.07142857142857142
1150928731,1,10,2.302585092994046,88.75,1.0413926851582251,0,1,0
1150928737,1,20,2.995732273553991,87.5,1.3010299956639813,0,0.95,0
1150928743,1,7,1.9459101490553132,91.66666666666667,0.8450980400142568,0,0.8571428571428571,0
1150928753,1,1,0,77.5,0.3010299956639812,0,1,0
1150928757,1,55,4.007333185232471,71.40425531914893,1.6232492903979006,0.8450980400142568,0.7454545454545455,0.10909090909090909
1150928761,1,3,1.0986122886681098,95,0.3010299956639812,0,0.3333333333333333,0
1150928765,1,19,2.9444389791664403,77.08333333333333,1.1760912590556813,0.6989700043360189,0.7368421052631579,0.21052631578947367
1150928769,1,1,0,100,0.3010299956639812,0,1,0
1150928771,1,7,1.9459101490553132,90.35714285714286,0.9030899869919435,0,1,0
1150928781,1,2,0.6931471805599453,97.5,0.47712125471966244,0,1,0
1150928785,1,7,1.9459101490553132,82.83333333333333,0.7781512503836436,0.3010299956639812,0.7142857142857143,0.14285714285714285
1150928789,1,46,3.828641396489095,89.44594594594595,1.568201724066995,0.3010299956639812,0.782608695652174,0.021739130434782608
1150928803,1,1,0,87.5,0.3010299956639812,0,1,0
1150928807,1,89,4.48863636973214,78.35483870967742,1.4771212547196624,0.47712125471966244,0.3258426966292135,0.02247191011235955
1150928811,1,3,1.0986122886681098,NaN,0,0,0,0
1150928839,1,1,0,100,0.3010299956639812,0,1,0
1150928855,1,65,4.174387269895637,89.11290322580645,1.7993405494535817,0,0.9538461538461539,0
1150928857,1,13,2.5649493574615367,86.5,0.7781512503836436,0,0.38461538461538464,0
1150928879,1,255,5.541263545158426,83.84444444444445,1.9590413923210936,0,0.35294117647058826,0
1150928883,1,87,4.465908118654584,93.04081632653062,1.6901960800285136,0.3010299956639812,0.5517241379310345,0.011494252873563218
1150928887,1,7,1.9459101490553132,90,0.7781512503836436,0,0.7142857142857143,0
1150928891,1,5,1.6094379124341003,79.16666666666667,0.47712125471966244,0.3010299956639812,0.4,0.2
1150928895,1,22,3.091042453358316,81.84210526315789,1.3010299956639813,0,0.8636363636363636,0
1150928913,1,165,5.10594547390058,88.87591240875912,2.1271047983648077,0.6989700043360189,0.806060606060606,0.024242424242424242
1150928917,1,5,1.6094379124341003,86,0.7781512503836436,0,1,0
1150928919,1,20,2.995732273553991,84.11538461538461,1.1139433523068367,0.3010299956639812,0.6,0.05
1150928923,1,6,1.791759469228055,87.5,0.7781512503836436,0,0.8333333333333334,0
1150928933,1,1,0,87.5,0.3010299956639812,0,1,0
1150928937,1,51,3.9318256327243257,91.68367346938776,1.6989700043360187,0,0.9607843137254902,0
1150928949,1,97,4.574710978503383,79.91463414634147,1.568201724066995,0.7781512503836436,0.3711340206185567,0.05154639175257732
1150928951,1,40,3.6888794541139363,89.1,1.3010299956639813,0.3010299956639812,0.475,0.025
1150928955,1,2,0.6931471805599453,90,0.47712125471966244,0,1,0
1150928961,1,33,3.4965075614664802,78.35,1.4913616938342726,0,0.9090909090909091,0
1150928967,1,8,2.0794415416798357,83.4375,0.9030899869919435,0.3010299956639812,0.875,0.125
1150928981,1,2,0.6931471805599453,44.5,0,0.3010299956639812,0,0.5
1150928985,1,2,0.6931471805599453,90,0.47712125471966244,0,1,0
1150929003,1,9,2.1972245773362196,93.4375,0.9542425094393249,0,0.8888888888888888,0
1150929007,1,49,3.8918202981106265,74.4342105263158,1.5440680443502757,0.6989700043360189,0.6938775510204082,0.08163265306122448
1150929013,1,1034,6.9411900550683745,87.67046580773042,3.0038911662369103,0.3010299956639812,0.9748549323017408,9.671179883945841e-4
1150929017,1,11,2.3978952727983707,93.33333333333333,0.8450980400142568,0,0.5454545454545454,0
1150929025,1,1,0,87.5,0.3010299956639812,0,1,0
1150929043,1,4,1.3862943611198906,92.375,0.6989700043360189,0,1,0
1150929045,1,37,3.6109179126442243,90,1.5797835966168101,0,1,0
1150929061,1,1,0,37.5,0,0.3010299956639812,0,1
1150929063,1,497,6.208590026096629,76.32229580573951,2.6541765418779604,0.6020599913279624,0.9054325955734407,0.006036217303822937
1150929067,1,1,0,NaN,0,0,0,0
1150929069,1,81,4.394449154672439,91.61764705882354,1.8388490907372552,0,0.8395061728395061,0
1150929071,1,43,3.7612001156935624,67.3,1.2304489213782739,1,0.37209302325581395,0.20930232558139536
1150929073,1,13,2.5649493574615367,86.11538461538461,1.0791812460476249,0.47712125471966244,0.8461538461538461,0.15384615384615385
1150929075,1,2,0.6931471805599453,85,0.47712125471966244,0,1,0
1150929089,1,30,3.4011973816621555,90.52631578947368,1.3010299956639813,0,0.6333333333333333,0
1150929097,1,9,2.1972245773362196,98.61111111111111,1,0,1,0
1150929113,1,21,3.044522437723423,90.35714285714286,1.1760912590556813,0,0.6666666666666666,0
1150929127,1,23,3.1354942159291497,93.33333333333333,0.6020599913279624,0,0.13043478260869565,0
1150929129,1,5,1.6094379124341003,NaN,0,0,0,0
1150929135,1,15,2.70805020110221,88.75,0.47712125471966244,0,0.13333333333333333,0
1150929145,1,16,2.772588722239781,89.83333333333333,1.2041199826559248,0,0.9375,0
1150929153,1,26,3.258096538021482,94.03846153846153,1.4313637641589874,0,1,0
1150929155,1,4,1.3862943611198906,89.16666666666667,0.6020599913279624,0,0.75,0
1150929165,1,57,4.04305126783455,88.87878787878788,1.505149978319906,0.47712125471966244,0.543859649122807,0.03508771929824561
1150929173,1,1,0,100,0.3010299956639812,0,1,0
1150929175,1,99,4.59511985013459,87.18589743589743,1.8864907251724818,0.47712125471966244,0.7676767676767676,0.020202020202020204
1150929179,1,84,4.430816798843313,89.17721518987342,1.9030899869919435,0,0.9404761904761905,0
1150929189,1,5,1.6094379124341003,90,0.6989700043360189,0,0.8,0
1150929199,1,1,0,82.5,0.3010299956639812,0,1,0
1150929203,1,2,0.6931471805599453,81.25,0.47712125471966244,0,1,0
1150929223,1,28,3.332204510175204,80.81481481481481,1.414973347970818,0.47712125471966244,0.8928571428571429,0.07142857142857142
1150929237,1,81,4.394449154672439,93.86075949367088,1.9030899869919435,0,0.9753086419753086,0
1150929241,1,1,0,100,0.3010299956639812,0,1,0
1150929249,1,139,4.9344739331306915,87.2,2.100370545117563,0,0.8992805755395683,0
1150929251,1,85,4.442651256490317,82.8395061728395,1.9138138523837167,0,0.9529411764705882,0
1150929271,1,4,1.3862943611198906,90,0.6989700043360189,0,1,0
1150929297,1,5,1.6094379124341003,66.5,0.6989700043360189,0.3010299956639812,0.8,0.2
1150929311,1,202,5.308267697401205,88.44505494505495,2.2528530309798933,0.6989700043360189,0.8811881188118812,0.019801980198019802
1150929313,1,25,3.2188758248682006,88.40625,1.2304489213782739,0,0.64,0
1150929317,1,28,3.332204510175204,81.54545454545455,1.0791812460476249,0,0.39285714285714285,0
1150929319,1,1,0,87.5,0.3010299956639812,0,1,0
1150929321,1,10,2.302585092994046,87.5,0.6989700043360189,0,0.4,0
1150929331,1,21,3.044522437723423,80.79411764705883,1.255272505103306,0,0.8095238095238095,0
1150929337,1,4,1.3862943611198906,NaN,0,0,0,0
1150929345,1,2,0.6931471805599453,90,0.3010299956639812,0,0.5,0
1150929355,1,9,2.1972245773362196,83.6875,0.9030899869919435,0.3010299956639812,0.7777777777777778,0.1111111111111111
1150929359,1,247,5.5093883366279774,91.5625,0.9542425094393249,0,0.032388663967611336,0
1150929361,1,1,0,90,0.3010299956639812,0,1,0
1150929369,1,8,2.0794415416798357,95,0.6020599913279624,0,0.375,0
1150929371,1,1,0,100,0.3010299956639812,0,1,0
1150929373,1,1,0,87.5,0.3010299956639812,0,1,0
1150929375,1,148,4.997212273764115,91.25179856115108,2.146128035678238,0,0.9391891891891891,0
1150929389,1,3,1.0986122886681098,95,0.3010299956639812,0,0.3333333333333333,0
1150929411,1,39,3.6635616461296463,77.41071428571429,1.414973347970818,0.6020599913279624,0.6410256410256411,0.07692307692307693
1150929413,1,6,1.791759469228055,92,0.7781512503836436,0,0.8333333333333334,0
1150929415,1,8,2.0794415416798357,90,0.9542425094393249,0,1,0
1150929417,1,27,3.295836866004329,92.79411764705883,1.255272505103306,0,0.6296296296296297,0
1150929419,1,78,4.356708826689592,80.16216216216216,1.845098040014257,0.7781512503836436,0.8846153846153846,0.0641025641025641
1150929425,1,2,0.6931471805599453,NaN,0,0,0,0
1150929431,1,10,2.302585092994046,89.16666666666667,1,0,0.9,0
1150929439,1,19,2.9444389791664403,94.64285714285714,0.9030899869919435,0,0.3684210526315789,0
1150929445,1,2,0.6931471805599453,NaN,0,0,0,0
1150929451,1,9,2.1972245773362196,92.5,0.3010299956639812,0,0.1111111111111111,0
1150929463,1,2,0.6931471805599453,83.75,0.47712125471966244,0,1,0
1150929469,1,27,3.295836866004329,61.22727272727273,0.8450980400142568,0.7781512503836436,0.2222222222222222,0.18518518518518517
1150929485,1,32,3.4657359027997265,77.32692307692308,1.255272505103306,1,0.53125,0.28125
1150929487,1,1091,6.994849985833071,91.53617571059432,2.5888317255942073,0,0.3547204399633364,0
1150929493,1,33,3.4965075614664802,90.5,1.0413926851582251,0,0.30303030303030304,0
1150929509,1,44,3.784189633918261,95,1.6020599913279623,0,0.8863636363636364,0
1150929515,1,109,4.6913478822291435,91.86842105263158,1.9822712330395684,0,0.8715596330275229,0
1150929517,1,1,0,100,0.3010299956639812,0,1,0
1150929531,1,2,0.6931471805599453,46.25,0.3010299956639812,0.3010299956639812,0.5,0.5
1150929537,1,23,3.1354942159291497,90,1.3617278360175928,0,0.9565217391304348,0
1150929575,1,29,3.367295829986474,88.4090909090909,1.0791812460476249,0,0.3793103448275862,0
1150929577,1,3,1.0986122886681098,100,0.47712125471966244,0,0.6666666666666666,0
1150929603,1,3,1.0986122886681098,88.75,0.47712125471966244,0,0.6666666666666666,0
1150929619,1,34,3.5263605246161616,85.56,1.380211241711606,0.47712125471966244,0.6764705882352942,0.058823529411764705
1150929651,1,1,0,NaN,0,0,0,0
1150929653,1,11,2.3978952727983707,93.88888888888889,1,0,0.8181818181818182,0
1150929681,1,12,2.4849066497880004,100,0.6020599913279624,0,0.25,0
1150929685,1,3,1.0986122886681098,92.5,0.47712125471966244,0,0.6666666666666666,0
1150929689,1,20,2.995732273553991,61.875,1.0791812460476249,0.3010299956639812,0.55,0.05
1150929731,1,1,0,NaN,0,0,0,0
1150929733,1,19,2.9444389791664403,88.97222222222223,1.2787536009528289,0,0.9473684210526315,0
1150929745,1,6,1.791759469228055,90,0.8450980400142568,0,1,0
1150929763,1,21,3.044522437723423,94.61538461538461,1.146128035678238,0,0.6190476190476191,0
1150929769,1,3,1.0986122886681098,100,0.47712125471966244,0,0.6666666666666666,0
1150929775,1,2,0.6931471805599453,54.75,0.3010299956639812,0.3010299956639812,0.5,0.5
1150929779,1,4,1.3862943611198906,98.125,0.6989700043360189,0,1,0
1150929781,1,4,1.3862943611198906,65,0.6020599913279624,0.3010299956639812,0.75,0.25
1150929785,1,93,4.532599493153256,NaN,0,0,0,0
1150929799,1,1,0,87.5,0.3010299956639812,0,1,0
1150929837,1,79,4.3694478524670215,92.21126760563381,1.8512583487190752,0.3010299956639812,0.8860759493670886,0.012658227848101266
1151615859,1,79,4.3694478524670215,93.33333333333333,0.8450980400142568,0,0.0759493670886076,0
1151615863,1,181,5.198497031265826,92.06432748538012,2.2355284469075487,0,0.9447513812154696,0
1151615867,1,3,1.0986122886681098,92.5,0.6020599913279624,0,1,0
1151615873,1,87,4.465908118654584,90.9,1.414973347970818,0,0.28735632183908044,0
1151615875,1,15,2.70805020110221,90,0.3010299956639812,0,0.06666666666666667,0
1151615881,1,8,2.0794415416798357,95.83333333333333,0.6020599913279624,0,0.375,0
1151615893,1,5,1.6094379124341003,NaN,0,0,0,0
1151615897,1,63,4.143134726391533,86.38135593220339,1.7481880270062005,0.6989700043360189,0.873015873015873,0.06349206349206349
1151615903,1,7,1.9459101490553132,79.16666666666667,0.6020599913279624,0,0.42857142857142855,0
1151615921,1,5,1.6094379124341003,96,0.7781512503836436,0,1,0
1151615933,1,61,4.110873864173311,87.5,0.3010299956639812,0,0.01639344262295082,0
1151615939,1,6,1.791759469228055,90.83333333333333,0.8450980400142568,0,1,0
1151615947,1,59,4.07753744390572,64.9875,1.4471580313422192,1.146128035678238,0.4576271186440678,0.22033898305084745
1151615949,1,156,5.049856007249537,88.53956834532374,2.146128035678238,0,0.8910256410256411,0
1151615951,1,240,5.480638923341991,82.21563981042654,2.326335860928751,0,0.8791666666666667,0
1151615955,1,2,0.6931471805599453,87.5,0.47712125471966244,0,1,0
1151615985,1,1,0,92.5,0.3010299956639812,0,1,0
1151615993,1,468,6.148468295917647,75.78448275862068,2.0211892990699383,1.1139433523068367,0.2222222222222222,0.02564102564102564
1151615997,1,6,1.791759469228055,87.5,0.47712125471966244,0,0.3333333333333333,0
1151616009,1,1,0,95,0.3010299956639812,0,1,0
1151616011,1,25,3.2188758248682006,83.27272727272727,1.3617278360175928,0,0.88,0
1151616019,1,75,4.31748811353631,92.31884057971014,1.845098040014257,0,0.92,0
1151616023,1,37,3.6109179126442243,96.60714285714286,1.462397997898956,0,0.7567567567567568,0
1151616025,1,73,4.290459441148391,89.57575757575758,1.8260748027008264,0,0.9041095890410958,0
1151616041,1,4,1.3862943611198906,71.33333333333333,0.6020599913279624,0,0.75,0
1151616061,1,2,0.6931471805599453,97.5,0.47712125471966244,0,1,0
1151616063,1,2,0.6931471805599453,87.5,0.47712125471966244,0,1,0
1151616065,1,11,2.3978952727983707,90.83333333333333,0.8450980400142568,0,0.5454545454545454,0
1151616091,1,32,3.4657359027997265,89.01785714285714,1.462397997898956,0,0.875,0
1151616099,1,83,4.418840607796598,89.15972222222223,1.863322860120456,0,0.8674698795180723,0
1151616105,1,1,0,87.5,0.3010299956639812,0,1,0
1151616107,1,2,0.6931471805599453,100,0.3010299956639812,0,0.5,0
1151616109,1,1,0,87.5,0.3010299956639812,0,1,0
1151616111,1,52,3.9512437185814275,56.47826086956522,1.1760912590556813,1,0.2692307692307692,0.17307692307692307
1151616125,1,23,3.1354942159291497,87.95454545454545,1.3617278360175928,0,0.9565217391304348,0
1151616131,1,29,3.367295829986474,88.375,1.3222192947339193,0,0.6896551724137931,0
1151616145,1,30,3.4011973816621555,56.07142857142857,0.6989700043360189,0.6020599913279624,0.13333333333333333,0.1
1151616165,1,31,3.4339872044851463,67.91666666666667,0.9542425094393249,0.6989700043360189,0.25806451612903225,0.12903225806451613
1151616169,1,3,1.0986122886681098,90,0.3010299956639812,0,0.3333333333333333,0
1151616171,1,170,5.135798437050262,76.8076923076923,1.0791812460476249,0.47712125471966244,0.06470588235294118,0.011764705882352941
1151616177,1,8,2.0794415416798357,92.14285714285714,0.9030899869919435,0,0.875,0
1151616189,1,18,2.8903717578961645,84.625,1.1760912590556813,0.47712125471966244,0.7777777777777778,0.1111111111111111
1151616197,1,135,4.90527477843843,91.72268907563026,2.0718820073061255,0.47712125471966244,0.8666666666666667,0.014814814814814815
1151616207,1,21,3.044522437723423,77.76470588235294,1.2304489213782739,0.3010299956639812,0.7619047619047619,0.047619047619047616
1151616219,1,46,3.828641396489095,90.44444444444444,1.662757831681574,0,0.9782608695652174,0
1151616221,1,26,3.258096538021482,91.5625,1.3979400086720377,0,0.9230769230769231,0
1151616227,1,5,1.6094379124341003,83.625,0.6020599913279624,0.3010299956639812,0.6,0.2
1151616229,1,3,1.0986122886681098,90,0.3010299956639812,0,0.3333333333333333,0
1151616245,1,49,3.8918202981106265,87.65714285714286,1.5185139398778875,0.6020599913279624,0.6530612244897959,0.061224489795918366
1151616249,1,139,4.9344739331306915,95.8739837398374,2.093421685162235,0,0.8848920863309353,0
1151616253,1,11,2.3978952727983707,86.875,0.6989700043360189,0,0.36363636363636365,0
1151616255,1,18,2.8903717578961645,91.05555555555556,1,0,0.5,0
1151616261,1,76,4.330733340286331,91.07575757575758,1.8260748027008264,0,0.868421052631579,0
1151616267,1,31,3.4339872044851463,88.69047619047619,1.3424226808222062,0,0.6774193548387096,0
1151616285,1,28,3.332204510175204,79.6875,0.9542425094393249,0,0.2857142857142857,0
1151616287,1,2,0.6931471805599453,87.5,0.47712125471966244,0,1,0
1151616291,1,4,1.3862943611198906,92.5,0.6020599913279624,0,0.75,0
1151616293,1,2,0.6931471805599453,87.5,0.47712125471966244,0,1,0
1151616295,1,14,2.6390573296152584,85.4090909090909,1.0413926851582251,0.3010299956639812,0.7142857142857143,0.07142857142857142
1151616307,1,40,3.6888794541139363,89.16666666666667,1.4913616938342726,0.6020599913279624,0.75,0.075
1151616313,1,7,1.9459101490553132,90,0.6020599913279624,0,0.42857142857142855,0
1151616321,1,24,3.1780538303479458,89.77272727272727,1.0791812460476249,0,0.4583333333333333,0
1151616333,1,78,4.356708826689592,99.26666666666667,1.8808135922807914,0,0.9615384615384616,0
1151616335,1,2,0.6931471805599453,91.25,0.47712125471966244,0,1,0
1151616349,1,78,4.356708826689592,90.03424657534246,1.8692317197309762,0,0.9358974358974359,0
1151616351,1,8,2.0794415416798357,90,0.7781512503836436,0,0.625,0
1151616361,1,12,2.4849066497880004,93.63636363636364,1.0791812460476249,0,0.9166666666666666,0
1151616367,1,1,0,90,0.3010299956639812,0,1,0
1151616373,1,10,2.302585092994046,89.375,0.9542425094393249,0,0.8,0
1151616387,1,5,1.6094379124341003,NaN,0,0,0,0
1151616391,1,3,1.0986122886681098,93.75,0.47712125471966244,0,0.6666666666666666,0
1151616409,1,114,4.736198448394496,91.73595505617978,1.954242509439325,0,0.7807017543859649,0
1151616421,1,46,3.828641396489095,92.8157894736842,1.591064607026499,0,0.8260869565217391,0
1151616425,1,21,3.044522437723423,88.67647058823529,1.255272505103306,0,0.8095238095238095,0
1151616431,1,9,2.1972245773362196,89.44444444444444,1,0,1,0
1151616433,1,246,5.5053315359323625,87.5641592920354,2.3541084391474008,0.3010299956639812,0.9146341463414634,0.0040650406504065045
1151616435,1,3,1.0986122886681098,87.5,0.3010299956639812,0,0.3333333333333333,0
1151616459,1,112,4.718498871295094,85.59134615384616,1.9493900066449128,1.2304489213782739,0.7857142857142857,0.14285714285714285
1151616461,1,3,1.0986122886681098,100,0.6020599913279624,0,1,0
1151616463,1,3,1.0986122886681098,92.5,0.3010299956639812,0,0.3333333333333333,0
1151616475,1,4,1.3862943611198906,83,0.6020599913279624,0,0.75,0
1151616481,1,5,1.6094379124341003,82.5,0.47712125471966244,0,0.4,0
1151616497,1,6,1.791759469228055,77.5,0.3010299956639812,0,0.16666666666666666,0
1151616501,1,20,2.995732273553991,89.725,1.3222192947339193,0,1,0
1151616523,1,3,1.0986122886681098,91.25,0.47712125471966244,0,0.6666666666666666,0
1151616525,1,1,0,70,0.3010299956639812,0,1,0
1151616529,1,2,0.6931471805599453,100,0.47712125471966244,0,1,0
1151616561,1,8,2.0794415416798357,90,0.6989700043360189,0,0.5,0
1151616563,1,7,1.9459101490553132,89.16666666666667,0.8450980400142568,0,0.8571428571428571,0
1151616613,1,5,1.6094379124341003,89,0.7781512503836436,0,1,0
1151616623,1,266,5.583496308781699,85.80882352941177,1.5440680443502757,0,0.12781954887218044,0
1151616627,1,1,0,100,0.3010299956639812,0,1,0
1151616645,1,1,0,NaN,0,0,0,0
1151616657,1,2,0.6931471805599453,91.25,0.47712125471966244,0,1,0
1151616667,1,2,0.6931471805599453,90,0.47712125471966244,0,1,0
1151616701,1,65,4.174387269895637,85.72321428571429,1.724275869600789,0.6989700043360189,0.8,0.06153846153846154
1151616717,1,86,4.454347296253507,88,1.591064607026499,0.47712125471966244,0.4418604651162791,0.023255813953488372
1151616737,1,1,0,67.5,0.3010299956639812,0,1,0
1151616757,1,44,3.784189633918261,89.77272727272727,1.6532125137753437,0,1,0
1151616761,1,13,2.5649493574615367,88.54166666666667,1.1139433523068367,0,0.9230769230769231,0
1151616763,1,8,2.0794415416798357,92.14285714285714,0.9030899869919435,0,0.875,0
1151616787,1,27,3.295836866004329,89.0909090909091,1.0791812460476249,0,0.4074074074074074,0
1151616799,1,5,1.6094379124341003,82.5,0.3010299956639812,0,0.2,0
1151616809,1,2,0.6931471805599453,75,0.3010299956639812,0,0.5,0
1151616811,1,32,3.4657359027997265,87.5,1.5185139398778875,0,1,0
1151616821,1,1,0,90,0.3010299956639812,0,1,0
1151616825,1,1,0,82.5,0.3010299956639812,0,1,0
1151616827,1,4,1.3862943611198906,87.5,0.6020599913279624,0,0.75,0
1151616837,1,21,3.044522437723423,94.96428571428571,1.1760912590556813,0,0.6666666666666666,0
1151616843,1,56,4.02535169073515,68.4375,1.505149978319906,1.255272505103306,0.5535714285714286,0.30357142857142855
1151616861,1,45,3.8066624897703196,86.15,1.6020599913279623,0.3010299956639812,0.8666666666666667,0.022222222222222223
1151616873,1,58,4.060443010546419,87.3076923076923,1.6020599913279623,0,0.6724137931034483,0
1151616875,1,6,1.791759469228055,NaN,0,0,0,0
1151616895,1,3,1.0986122886681098,97.5,0.47712125471966244,0,0.6666666666666666,0
1151616919,1,26,3.258096538021482,80.70833333333333,1.1139433523068367,0,0.46153846153846156,0
1151616921,1,1,0,87.5,0.3010299956639812,0,1,0
1151616939,1,17,2.833213344056216,37.63333333333333,0.3010299956639812,1.1760912590556813,0.058823529411764705,0.8235294117647058
1151616967,1,1,0,87.5,0.3010299956639812,0,1,0
1151616973,1,2,0.6931471805599453,90,0.3010299956639812,0,0.5,0
1151616977,1,37,3.6109179126442243,95.9375,1.2304489213782739,0,0.43243243243243246,0
1151616983,1,10,2.302585092994046,89,0.7781512503836436,0,0.5,0
1151616987,1,37,3.6109179126442243,93.56060606060606,1.5314789170422551,0,0.8918918918918919,0
1151616993,1,3,1.0986122886681098,80.83333333333333,0.6020599913279624,0,1,0
1151616997,1,26,3.258096538021482,97.93478260869566,1.380211241711606,0,0.8846153846153846,0
1151617001,1,1,0,75,0.3010299956639812,0,1,0
1151617011,1,37,3.6109179126442243,97.16666666666667,1.2041199826559248,0,0.40540540540540543,0
1151617017,1,13,2.5649493574615367,92.25,1.0413926851582251,0,0.7692307692307693,0
1151617021,1,7,1.9459101490553132,93.33333333333333,0.8450980400142568,0,0.8571428571428571,0
1151617023,1,3,1.0986122886681098,92.5,0.47712125471966244,0,0.6666666666666666,0
1151617025,1,8,2.0794415416798357,93.5,0.7781512503836436,0,0.625,0
1151617031,1,7,1.9459101490553132,89,0.7781512503836436,0,0.7142857142857143,0
1151617039,1,37,3.6109179126442243,81.36111111111111,1.568201724066995,0,0.972972972972973,0
1151617043,1,58,4.060443010546419,69.77083333333333,1.3010299956639813,0.7781512503836436,0.3275862068965517,0.08620689655172414
1151617049,1,80,4.382026634673881,93.40579710144928,1.845098040014257,0,0.8625,0
1151617053,1,399,5.988961416889864,88.39467005076142,2.59659709562646,0,0.9874686716791979,0
1151617079,1,12,2.4849066497880004,97.5,0.9542425094393249,0,0.6666666666666666,0
1151617095,1,8,2.0794415416798357,92.91666666666667,0.8450980400142568,0,0.75,0
1151617105,1,2,0.6931471805599453,NaN,0,0,0,0
1151617113,1,64,4.1588830833596715,92.07407407407408,1.7403626894942439,0,0.84375,0
1151617115,1,32,3.4657359027997265,84.45,1.4913616938342726,0,0.9375,0
1151617117,1,4,1.3862943611198906,96.875,0.6989700043360189,0,1,0
1151617119,1,6,1.791759469228055,97.91666666666667,0.8450980400142568,0,1,0
1151617127,1,4,1.3862943611198906,68.16666666666667,0.47712125471966244,0.3010299956639812,0.5,0.25
1151617139,1,7,1.9459101490553132,95,0.7781512503836436,0,0.7142857142857143,0
1151617151,1,23,3.1354942159291497,90,1.380211241711606,0,1,0
1151617163,1,3,1.0986122886681098,NaN,0,0,0,0
1151617177,1,1,0,75,0.3010299956639812,0,1,0
1151617185,1,44,3.784189633918261,85.44117647058823,1.255272505103306,0,0.38636363636363635,0
1151617187,1,2,0.6931471805599453,95,0.3010299956639812,0,0.5,0
1151617191,1,4,1.3862943611198906,91.66666666666667,0.6020599913279624,0,0.75,0
1151617209,1,80,4.382026634673881,86.64634146341463,1.6232492903979006,0,0.5125,0
1151617213,1,1,0,NaN,0,0,0,0
1151617221,1,3,1.0986122886681098,100,0.47712125471966244,0,0.6666666666666666,0
1151617229,1,25,3.2188758248682006,79.84782608695652,1.380211241711606,0,0.92,0
1151617251,1,1,0,NaN,0,0,0,0
1151617255,1,1,0,NaN,0,0,0,0
1151617257,1,8,2.0794415416798357,82,0.8450980400142568,0.3010299956639812,0.75,0.125
1151617269,1,54,3.9889840465642745,91.04651162790698,1.6334684555795864,0.3010299956639812,0.7777777777777778,0.018518518518518517
1151617307,1,4,1.3862943611198906,75,0.3010299956639812,0,0.25,0
1151617317,1,29,3.367295829986474,99.28571428571429,0.9030899869919435,0,0.2413793103448276,0
1151617319,1,40,3.6888794541139363,94.02173913043478,1.380211241711606,0,0.575,0
1151617323,1,6,1.791759469228055,84.3,0.6989700043360189,0.3010299956639812,0.6666666666666666,0.16666666666666666
1151617327,1,17,2.833213344056216,79.42857142857143,1.146128035678238,0.3010299956639812,0.7647058823529411,0.058823529411764705
1151617329,1,22,3.091042453358316,82.4,0.6989700043360189,0.3010299956639812,0.18181818181818182,0.045454545454545456
1151617339,1,6,1.791759469228055,92.5,0.8450980400142568,0,1,0
1151617345,1,196,5.278114659230517,94.375,1.8573324964312685,0.3010299956639812,0.3622448979591837,0.00510204081632653
1151617355,1,19,2.9444389791664403,92.10526315789474,1.3010299956639813,0,1,0
1151617361,1,14,2.6390573296152584,84.42307692307692,1.1139433523068367,0.3010299956639812,0.8571428571428571,0.07142857142857142
1151617363,1,170,5.135798437050262,85.25,1.3222192947339193,0,0.11764705882352941,0
1151617383,1,8,2.0794415416798357,90,0.9542425094393249,0,1,0
1151617401,1,19,2.9444389791664403,94.07894736842105,1.3010299956639813,0,1,0
1151617413,1,2,0.6931471805599453,NaN,0,0,0,0
1151617423,1,49,3.8918202981106265,85.33333333333333,1.3424226808222062,0.6020599913279624,0.42857142857142855,0.061224489795918366
1151617427,1,56,4.02535169073515,96.34615384615384,1.146128035678238,0,0.23214285714285715,0
1151617433,1,1,0,87.5,0.3010299956639812,0,1,0
1151617461,1,1,0,NaN,0,0,0,0
1151617465,1,2,0.6931471805599453,69.5,0.47712125471966244,0,1,0
1151617467,1,4,1.3862943611198906,85,0.47712125471966244,0,0.5,0
1151617469,1,6,1.791759469228055,NaN,0,0,0,0
1151617537,1,13,2.5649493574615367,94.75,1.0413926851582251,0,0.7692307692307693,0
1151617543,1,32,3.4657359027997265,89.27777777777777,1.2787536009528289,0,0.5625,0
1151617553,1,11,2.3978952727983707,86.36363636363636,1.0791812460476249,0,1,0
1151617577,1,6,1.791759469228055,90,0.6020599913279624,0,0.5,0
1151617579,1,4,1.3862943611198906,90,0.6989700043360189,0,1,0
1151617595,1,18,2.8903717578961645,90,1.2787536009528289,0,1,0
1151617609,1,1,0,82.5,0.3010299956639812,0,1,0
1151617613,1,34,3.5263605246161616,92.47058823529412,1.2304489213782739,0.3010299956639812,0.47058823529411764,0.029411764705882353
1151617639,1,71,4.2626798770413155,98.515625,1.8129133566428555,0,0.9014084507042254,0
1151617641,1,299,5.700443573390687,91.94067796610169,2.4712917110589387,0,0.9866220735785953,0
1151617645,1,47,3.8501476017100584,87.78048780487805,1.6020599913279623,0.47712125471966244,0.8297872340425532,0.0425531914893617
1151617661,1,12,2.4849066497880004,94.75,1.0413926851582251,0,0.8333333333333334,0
1151617665,1,81,4.394449154672439,90.9375,1.9084850188786497,0,0.9876543209876543,0
1151617673,1,7,1.9459101490553132,100,0.6989700043360189,0,0.5714285714285714,0
1151617681,1,1,0,NaN,0,0,0,0
1151617697,1,4,1.3862943611198906,90,0.6020599913279624,0,0.75,0
1151617707,1,64,4.1588830833596715,95.5,1.7781512503836436,0.3010299956639812,0.921875,0.015625
1151617755,1,4,1.3862943611198906,87.5,0.3010299956639812,0,0.25,0
1151617757,1,46,3.828641396489095,47,0,0.3010299956639812,0,0.021739130434782608
1151617759,1,3,1.0986122886681098,47.333333333333336,0.3010299956639812,0.47712125471966244,0.3333333333333333,0.6666666666666666
1151617761,1,13,2.5649493574615367,54.166666666666664,0.6020599913279624,0.8450980400142568,0.23076923076923078,0.46153846153846156
1151617769,1,2,0.6931471805599453,87.5,0.47712125471966244,0,1,0
1151617775,1,27,3.295836866004329,90.83333333333333,0.8450980400142568,0,0.2222222222222222,0
1151617785,1,3,1.0986122886681098,77.33333333333333,0.47712125471966244,0.3010299956639812,0.6666666666666666,0.3333333333333333
1151617789,1,116,4.7535901911063645,92.359375,1.9822712330395684,0.3010299956639812,0.8189655172413793,0.008620689655172414
1151617835,1,6,1.791759469228055,96.5,0.7781512503836436,0,0.8333333333333334,0
1151617837,1,1,0,75,0.3010299956639812,0,1,0
1151617843,1,14,2.6390573296152584,90,0.3010299956639812,0,0.07142857142857142,0
1151617855,1,9,2.1972245773362196,82.78571428571429,0.8450980400142568,0.3010299956639812,0.6666666666666666,0.1111111111111111
1151617867,1,61,4.110873864173311,96.85483870967742,1.505149978319906,0,0.5081967213114754,0
1151617879,1,6,1.791759469228055,81.75,0.6020599913279624,0.3010299956639812,0.5,0.16666666666666666
1151617889,1,1,0,52,0,0.3010299956639812,0,1
1151617891,1,10,2.302585092994046,95.25,1.0413926851582251,0,1,0
1151617895,1,30,3.4011973816621555,89.08333333333333,0.8450980400142568,0,0.2,0
1151617937,1,20,2.995732273553991,94.86842105263158,1.3010299956639813,0,0.95,0
1151617939,1,8,2.0794415416798357,92.08333333333333,0.8450980400142568,0,0.75,0
1151617941,1,3,1.0986122886681098,93.33333333333333,0.6020599913279624,0,1,0
1151617943,1,12,2.4849066497880004,82.83333333333333,1.0413926851582251,0.47712125471966244,0.8333333333333334,0.16666666666666666
1151617945,1,42,3.7376696182833684,87.72727272727273,1.5314789170422551,0,0.7857142857142857,0
1151617949,1,10,2.302585092994046,88.05555555555556,1,0,0.9,0
1151617955,1,24,3.1780538303479458,85.92105263157895,1.3010299956639813,0,0.7916666666666666,0
1151617959,1,60,4.0943445622221,74.25,1.7708520116421442,0,0.9666666666666667,0
1151617961,1,67,4.204692619390966,82.9622641509434,1.6989700043360187,0.6989700043360189,0.7313432835820896,0.05970149253731343
1151617965,1,219,5.389071729816501,89.39303482587064,2.3010299956639813,0.47712125471966244,0.908675799086758,0.0091324200913242
1151617981,1,194,5.267858159063328,92.27272727272727,1.6532125137753437,0,0.2268041237113402,0
1151617989,1,2,0.6931471805599453,100,0.47712125471966244,0,1,0
1151617995,1,23,3.1354942159291497,89.975,1.2787536009528289,0.47712125471966244,0.782608695652174,0.08695652173913043
1151617999,1,3,1.0986122886681098,91.25,0.47712125471966244,0,0.6666666666666666,0
1151618007,1,53,3.970291913552122,87.5,1.724275869600789,0,0.9811320754716981,0
1151618009,1,1,0,95,0.3010299956639812,0,1,0
1151618023,1,85,4.442651256490317,85.33333333333333,0.7781512503836436,0.3010299956639812,0.058823529411764705,0.011764705882352941
1151618031,1,922,6.826545223556594,87.64301430143014,2.9590413923210934,0,0.9859002169197397,0
1151618033,1,1,0,87.5,0.3010299956639812,0,1,0
1151618045,1,11,2.3978952727983707,97.27272727272727,1.0791812460476249,0,1,0
1151618081,1,5,1.6094379124341003,96.875,0.6989700043360189,0,0.8,0
1151618103,1,477,6.1675164908883415,95.63953488372093,2.5888317255942073,0,0.8113207547169812,0
1151618107,1,8,2.0794415416798357,92.5,0.9542425094393249,0,1,0
1151618115,1,161,5.081404364984463,89.91379310344827,1.4771212547196624,0,0.18012422360248448,0
1151618121,1,28,3.332204510175204,90.63333333333334,1.2041199826559248,0,0.5357142857142857,0
1151618129,1,40,3.6888794541139363,89.47916666666667,1.3979400086720377,0,0.6,0
1151618131,1,64,4.1588830833596715,44.696969696969695,1.1139433523068367,1.3424226808222062,0.1875,0.328125
1151618137,1,11,2.3978952727983707,93.88888888888889,1,0,0.8181818181818182,0
1151618145,1,2,0.6931471805599453,87.5,0.47712125471966244,0,1,0
1151618147,1,2,0.6931471805599453,97.5,0.47712125471966244,0,1,0
1151618171,1,6,1.791759469228055,NaN,0,0,0,0
1151618193,1,2,0.6931471805599453,90,0.47712125471966244,0,1,0
1151618207,1,1,0,87.5,0.3010299956639812,0,1,0
1151618209,1,1,0,100,0.3010299956639812,0,1,0
1151618219,1,1,0,100,0.3010299956639812,0,1,0
1151618251,1,3,1.0986122886681098,91.66666666666667,0.6020599913279624,0,1,0
1151618257,1,1,0,87.5,0.3010299956639812,0,1,0
1151618275,1,5,1.6094379124341003,84.875,0.6020599913279624,0.3010299956639812,0.6,0.2
1151618307,1,5,1.6094379124341003,NaN,0,0,0,0
1151618313,1,19,2.9444389791664403,100,0.3010299956639812,0,0.05263157894736842,0
1151618317,1,2,0.6931471805599453,NaN,0,0,0,0
1151618343,1,2,0.6931471805599453,NaN,0,0,0,0
1151618345,1,1,0,87.5,0.3010299956639812,0,1,0
1151618355,1,1,0,87.5,0.3010299956639812,0,1,0
1151618393,1,1,0,87.5,0.3010299956639812,0,1,0
1151618421,1,3,1.0986122886681098,87.5,0.6020599913279624,0,1,0
1151618423,1,10,2.302585092994046,97.5,0.6989700043360189,0,0.4,0
1151618445,1,15,2.70805020110221,80.83333333333333,1.2041199826559248,0,1,0
1151618465,1,3,1.0986122886681098,67.16666666666667,0.47712125471966244,0.3010299956639812,0.6666666666666666,0.3333333333333333
1151618471,1,32,3.4657359027997265,87.38095238095238,1.3424226808222062,0,0.65625,0
1151618477,1,5,1.6094379124341003,94.16666666666667,0.6020599913279624,0,0.6,0
1151618493,1,229,5.43372200355424,92.1784140969163,2.3502480183341627,0.6989700043360189,0.9737991266375546,0.017467248908296942
1151618513,1,9,2.1972245773362196,90.83333333333333,0.8450980400142568,0,0.6666666666666666,0
1151618517,1,9,2.1972245773362196,83.4375,0.9030899869919435,0.3010299956639812,0.7777777777777778,0.1111111111111111
1151618541,1,9,2.1972245773362196,95.83333333333333,1,0,1,0
1151618549,1,8,2.0794415416798357,77.5,0.3010299956639812,0,0.125,0
1151618557,1,777,6.655440350367647,89.16666666666667,0.6020599913279624,0,0.003861003861003861,0
1151618563,1,144,4.969813299576001,88.97857142857143,2.143014800254095,0.47712125471966244,0.9583333333333334,0.013888888888888888
1151618579,1,1,0,NaN,0,0,0,0
1151618609,1,12,2.4849066497880004,93.57142857142857,0.9030899869919435,0,0.5833333333333334,0
1151618623,1,97,4.574710978503383,88.92405063291139,1.9030899869919435,0,0.8144329896907216,0
1151618637,1,687,6.532334292222349,87.84385382059801,2.7795964912578244,0.3010299956639812,0.8748180494905385,0.001455604075691412
1151618641,1,3,1.0986122886681098,93.33333333333333,0.6020599913279624,0,1,0
1151618643,1,268,5.5909869805108565,86.94117647058823,2.230448921378274,0.3010299956639812,0.6305970149253731,0.0037313432835820895
1151618649,1,2,0.6931471805599453,96.25,0.47712125471966244,0,1,0
1151618657,1,2,0.6931471805599453,78.75,0.47712125471966244,0,1,0
1151618715,1,5,1.6094379124341003,100,0.3010299956639812,0,0.2,0
1151618721,1,294,5.683579767338681,91.35416666666667,1.3979400086720377,0,0.08163265306122448,0
1151618723,1,110,4.700480365792417,84.7554347826087,1.9395192526186185,0.8450980400142568,0.7818181818181819,0.05454545454545454
1151618735,1,4,1.3862943611198906,98.125,0.6989700043360189,0,1,0
1151618777,1,412,6.021023349349527,87.92937853107344,2.5415792439465807,0.9030899869919435,0.8422330097087378,0.01699029126213592
1151618781,1,5,1.6094379124341003,83.125,0.6989700043360189,0,0.8,0
1151618791,1,30,3.4011973816621555,89.6875,1.3979400086720377,0,0.8,0
1151618797,1,11,2.3978952727983707,96,0.7781512503836436,0,0.45454545454545453,0
1151618847,1,9,2.1972245773362196,91.42857142857143,0.9030899869919435,0,0.7777777777777778,0
1151618867,1,14,2.6390573296152584,92,0.7781512503836436,0,0.35714285714285715,0
1151618895,1,67,4.204692619390966,90.31746031746032,1.806179973983887,0,0.9402985074626866,0
1151618897,1,10,2.302585092994046,84.5,0.7781512503836436,0,0.5,0
1151618909,1,10,2.302585092994046,75.5,0.6989700043360189,0.3010299956639812,0.4,0.1
1151618941,1,34,3.5263605246161616,93.32352941176471,1.4913616938342726,0.6989700043360189,0.8823529411764706,0.11764705882352941
1151618947,1,3,1.0986122886681098,87.5,0.6020599913279624,0,1,0
1151618975,1,153,5.030437921392435,88.10544217687075,2.1492191126553797,0.9030899869919435,0.9150326797385621,0.0457516339869281
1151618999,1,45,3.8066624897703196,90.45454545454545,1.0791812460476249,0,0.24444444444444444,0
1151619011,1,3,1.0986122886681098,NaN,0,0,0,0
1151619027,1,2,0.6931471805599453,87.5,0.3010299956639812,0,0.5,0
1151619039,1,6,1.791759469228055,93.75,0.8450980400142568,0,1,0
1151619045,1,29,3.367295829986474,71.42307692307692,1.4313637641589874,0,0.896551724137931,0
1151619057,1,2,0.6931471805599453,NaN,0,0,0,0
1151619069,1,8,2.0794415416798357,69.75,0.6989700043360189,0.6989700043360189,0.5,0.5
1151619071,1,25,3.2188758248682006,89.6875,1.3979400086720377,0,0.96,0
1151619089,1,8,2.0794415416798357,95,0.47712125471966244,0,0.25,0
1151696953,1,1,0,75,0.3010299956639812,0,1,0
1151713529,1,175,5.1647859739235145,89.61764705882354,1.5185139398778875,0.47712125471966244,0.18285714285714286,0.011428571428571429
1151714261,1,31,3.4339872044851463,94.86842105263158,1.3010299956639813,0,0.6129032258064516,0
1151714673,1,1,0,92.5,0.3010299956639812,0,1,0
1151714809,1,128,4.852030263919617,89.40163934426229,2.089905111439398,0,0.953125,0
1151715645,1,8,2.0794415416798357,91.66666666666667,0.6020599913279624,0,0.375,0
1151730259,1,1,0,90,0.3010299956639812,0,1,0
1151730417,1,29,3.367295829986474,NaN,0,0,0,0
1151730429,1,49,3.8918202981106265,89.8936170212766,1.6812412373755872,0,0.9591836734693877,0
1151731327,1,226,5.420534999272286,75.04205607476635,2.3283796034387376,0.47712125471966244,0.9380530973451328,0.008849557522123894
1151731553,1,2,0.6931471805599453,100,0.47712125471966244,0,1,0
1151731589,1,3,1.0986122886681098,NaN,0,0,0,0
1151731929,1,3,1.0986122886681098,NaN,0,0,0,0
1151732257,1,10,2.302585092994046,87.5,0.9542425094393249,0,0.8,0
1151733351,1,68,4.219507705176107,88.8125,1.8129133566428555,0,0.9411764705882353,0
1151733455,1,2,0.6931471805599453,100,0.3010299956639812,0,0.5,0
1151733629,1,15,2.70805020110221,88.21428571428571,1.1760912590556813,0,0.9333333333333333,0
1151738077,1,2,0.6931471805599453,87.5,0.3010299956639812,0,0.5,0
1151746413,1,6,1.791759469228055,NaN,0,0,0,0
1151746437,1,6,1.791759469228055,62,0.3010299956639812,0,0.16666666666666666,0
1151746529,1,1,0,62,0.3010299956639812,0,1,0
1151746769,1,16,2.772588722239781,88.21875,1.1760912590556813,0.47712125471966244,0.875,0.125
1151746813,1,10,2.302585092994046,91,1.0413926851582251,0,1,0
1151747059,1,6,1.791759469228055,97.91666666666667,0.8450980400142568,0,1,0
1151747247,1,6,1.791759469228055,73.4,0.6989700043360189,0.3010299956639812,0.6666666666666666,0.16666666666666666
1151747749,1,6,1.791759469228055,38,0.3010299956639812,0.6989700043360189,0.16666666666666666,0.6666666666666666
1151748995,1,25,3.2188758248682006,87.8,1.414973347970818,0,1,0
1151749007,1,71,4.2626798770413155,87.16666666666667,1.4913616938342726,0,0.4225352112676056,0
1151749545,1,1,0,80,0.3010299956639812,0,1,0
1151761715,1,9,2.1972245773362196,64.625,0.6989700043360189,0.6989700043360189,0.4444444444444444,0.4444444444444444
1151762075,1,22,3.091042453358316,82.1590909090909,1.3617278360175928,0,1,0
1151762103,1,1,0,NaN,0,0,0,0
1151762153,1,2,0.6931471805599453,95,0.47712125471966244,0,1,0
1151762373,1,6,1.791759469228055,91.16666666666667,0.8450980400142568,0,1,0
1151762695,1,7,1.9459101490553132,88.33333333333333,0.8450980400142568,0,0.8571428571428571,0
1151763263,1,163,5.093750200806762,88.48639455782313,2.1702617153949575,0,0.901840490797546,0
1151763403,1,11,2.3978952727983707,83.75,0.47712125471966244,0,0.18181818181818182,0
1151763853,1,20,2.995732273553991,86.5,1.255272505103306,0.3010299956639812,0.85,0.05
1151764259,1,3,1.0986122886681098,100,0.47712125471966244,0,0.6666666666666666,0
1151764405,1,1,0,NaN,0,0,0,0
1151765071,1,7,1.9459101490553132,84.28571428571429,0.9030899869919435,0,1,0
1151765101,1,49,3.8918202981106265,91.66666666666667,0.6020599913279624,0,0.061224489795918366,0
1151768023,1,1,0,62.5,0.3010299956639812,0,1,0
1151776013,1,9,2.1972245773362196,95,0.8450980400142568,0,0.6666666666666666,0
1151776925,1,25,3.2188758248682006,94.23076923076923,1.146128035678238,0,0.52,0
1151777523,1,80,4.382026634673881,86.53333333333333,1.8808135922807914,0,0.9375,0
1151777915,1,3,1.0986122886681098,95.83333333333333,0.6020599913279624,0,1,0
1151778075,1,1,0,87.5,0.3010299956639812,0,1,0
1151794877,1,228,5.429345628954441,90.33256880733946,2.3404441148401185,0,0.956140350877193,0
1151795163,1,1,0,77.5,0.3010299956639812,0,1,0
1151795175,1,3,1.0986122886681098,92.5,0.6020599913279624,0,1,0
1151795381,1,7,1.9459101490553132,87.5,0.9030899869919435,0,1,0
1151795785,1,10,2.302585092994046,91.5625,0.9542425094393249,0,0.8,0
1151795919,1,45,3.8066624897703196,92.58064516129032,1.505149978319906,0,0.6888888888888889,0
1151812375,1,38,3.6375861597263857,75.38888888888889,1.5185139398778875,0.6989700043360189,0.8421052631578947,0.10526315789473684
1151812779,1,25,3.2188758248682006,97.5,0.7781512503836436,0,0.2,0
1151812785,1,33,3.4965075614664802,87.5,1.1760912590556813,0,0.42424242424242425,0
1151812829,1,27,3.295836866004329,61.27777777777778,1.3222192947339193,0.9030899869919435,0.7407407407407407,0.25925925925925924
1151812835,1,64,4.1588830833596715,92.48837209302326,1.6434526764861874,0,0.671875,0
1151813011,1,11,2.3978952727983707,85.9,1,0.3010299956639812,0.8181818181818182,0.09090909090909091
1151813151,1,3,1.0986122886681098,100,0.3010299956639812,0,0.3333333333333333,0
1151813357,1,1,0,69.5,0.3010299956639812,0,1,0
1151813407,1,73,4.290459441148391,62.9375,1.6232492903979006,1.380211241711606,0.5616438356164384,0.3150684931506849
1151830473,1,155,5.043425116919247,87.83986928104575,2.184691430817599,0.3010299956639812,0.9806451612903225,0.0064516129032258064
1151830927,1,2,0.6931471805599453,90,0.47712125471966244,0,1,0
1151838531,1,2,0.6931471805599453,93.75,0.47712125471966244,0,1,0
1151846951,1,5,1.6094379124341003,90,0.6020599913279624,0,0.6,0
1151847599,1,10,2.302585092994046,94.11111111111111,1,0,0.9,0
1151847885,1,5,1.6094379124341003,88.125,0.6989700043360189,0,0.8,0
1151878331,1,6,1.791759469228055,95,0.7781512503836436,0,0.8333333333333334,0
1151886525,1,62,4.127134385045092,91.75,1.7853298350107671,0,0.967741935483871,0
1151894567,1,108,4.68213122712422,87.79411764705883,1.255272505103306,0,0.1574074074074074,0
1151901897,1,1,0,87.5,0.3010299956639812,0,1,0
1151910349,1,12,2.4849066497880004,71.33333333333333,1,0.6020599913279624,0.75,0.25
1151923651,1,1,0,82.5,0.3010299956639812,0,1,0
1151924049,1,52,3.9512437185814275,91,1.6532125137753437,0,0.8461538461538461,0
1151938415,1,155,5.043425116919247,88.02721088435374,2.1702617153949575,0,0.9483870967741935,0
1151938641,1,13,2.5649493574615367,72.84615384615384,1.0413926851582251,0.6020599913279624,0.7692307692307693,0.23076923076923078
1151938903,1,1,0,90,0.3010299956639812,0,1,0
1151951965,1,8,2.0794415416798357,88.21428571428571,0.9030899869919435,0,0.875,0
1151952291,1,1,0,NaN,0,0,0,0
1151952377,1,2,0.6931471805599453,95,0.47712125471966244,0,1,0
1151952381,1,1,0,87.5,0.3010299956639812,0,1,0
1151966681,1,7,1.9459101490553132,84.64285714285714,0.9030899869919435,0,1,0
1151966963,1,2,0.6931471805599453,90,0.47712125471966244,0,1,0
1151973861,1,141,4.948759890378168,82.46875,1.2041199826559248,0.3010299956639812,0.10638297872340426,0.0070921985815602835
1151980655,1,16,2.772588722239781,96.16666666666667,1.2041199826559248,0,0.9375,0
1151996063,1,55,4.007333185232471,87.5,1.3424226808222062,0,0.38181818181818183,0
1151996205,1,4,1.3862943611198906,87.5,0.6020599913279624,0,0.75,0
1151996507,1,97,4.574710978503383,87.62765957446808,1.9777236052888478,0,0.9690721649484536,0
1151996571,1,5,1.6094379124341003,97.5,0.47712125471966244,0,0.4,0
1151996575,1,5,1.6094379124341003,76,0.6989700043360189,0.3010299956639812,0.8,0.2
1152017871,1,4,1.3862943611198906,93.75,0.6989700043360189,0,1,0
1152021645,1,5,1.6094379124341003,96.875,0.6989700043360189,0,0.8,0
1152021715,1,2,0.6931471805599453,75,0.3010299956639812,0,0.5,0
1152028367,1,26,3.258096538021482,87.63157894736842,1.3010299956639813,0,0.7307692307692307,0
1152034743,1,40,3.6888794541139363,90.13157894736842,1.591064607026499,0,0.95,0
1152045071,1,8,2.0794415416798357,NaN,0,0,0,0
1152054343,1,14,2.6390573296152584,85.3125,0.9542425094393249,0,0.5714285714285714,0
1152061843,1,130,4.867534450455582,84.51704545454545,1.9444826721501687,0.3010299956639812,0.6692307692307692,0.007692307692307693
1152080103,1,124,4.820281565605037,58.9,0.6020599913279624,0.47712125471966244,0.024193548387096774,0.016129032258064516
1152098669,1,10,2.302585092994046,90,0.3010299956639812,0,0.1,0
1152099111,1,11,2.3978952727983707,90,0.9542425094393249,0,0.7272727272727273,0
1152099139,1,12,2.4849066497880004,89.28571428571429,0.9030899869919435,0,0.5833333333333334,0
1152099277,1,2,0.6931471805599453,NaN,0,0,0,0
1152117993,1,33,3.4965075614664802,93.33333333333333,1.5314789170422551,0,1,0
1152118107,1,5,1.6094379124341003,81.4,0.6989700043360189,0.3010299956639812,0.8,0.2
1152118331,1,8,2.0794415416798357,93.5,0.7781512503836436,0,0.625,0
1152118699,1,1,0,100,0.3010299956639812,0,1,0
1152124995,1,61,4.110873864173311,89.41176470588235,1.255272505103306,0,0.2786885245901639,0
1152136431,1,54,3.9889840465642745,89.26136363636364,1.6532125137753437,0,0.8148148148148148,0
1152181317,1,3,1.0986122886681098,96.66666666666667,0.6020599913279624,0,1,0
1152181961,1,10,2.302585092994046,90,1.0413926851582251,0,1,0
1152207937,1,155,5.043425116919247,93.02083333333333,1.3979400086720377,0,0.15483870967741936,0
1152208083,1,3,1.0986122886681098,87.5,0.6020599913279624,0,1,0
1152221355,1,10,2.302585092994046,91.25,0.6989700043360189,0,0.4,0
1152259755,1,16,2.772588722239781,93.75,0.6989700043360189,0,0.25,0
1152272179,1,1,0,NaN,0,0,0,0
1152284449,1,6,1.791759469228055,97.5,0.6020599913279624,0,0.5,0
1152284661,1,4,1.3862943611198906,NaN,0,0,0,0
1152366721,1,2,0.6931471805599453,87.5,0.47712125471966244,0,1,0
1153676387,1,14,2.6390573296152584,87.5,1,0,0.6428571428571429,0
1153921285,1,5,1.6094379124341003,88.125,0.6989700043360189,0,0.8,0
