caseid,totalnewsbinary,totalnewscount,totalnewsduration,log_news,totalvisits,log_total,Average_domain_NewsG_Score_post,Count_Reliable_NewsG_Score_post,Count_Unreliable_NewsG_Score_post,Prop_Reliable_NewsG_Score_post,Prop_Unreliable_NewsG_Score_post,partisanship_news_diet_post,Prop_Reliable_NewsG_Score_post_dur,Prop_Unreliable_NewsG_Score_post_dur
1147325621,0,0,0,-Inf,32,3.4657359027997265,NA,0,0,NA,NA,NA,NA,NA
1147346933,1,150,2985,5.0106352940962555,1263,7.141245122350491,84.46456692913385,2.1072099696478683,0,0.8466666666666667,0,0.4000404878566607,0.857286432160804,0
1147357899,0,0,0,-Inf,31,3.4339872044851463,NA,0,0,NA,NA,NA,NA,NA
1149913295,0,0,0,-Inf,32,3.4657359027997265,NA,0,0,NA,NA,NA,NA,NA
1149913343,1,53,1878,3.970291913552122,274,5.6131281063880705,96.93396226415095,1.7323937598229686,0,1,0,-0.6135368628117114,1,0
1149913379,1,19,271,2.9444389791664403,1534,7.335633981927201,95.625,0.9542425094393249,0,0.42105263157894735,0,NA,0.0959409594095941,0
1149913431,1,8,490,2.0794415416798357,36,3.58351893845611,94.0625,0.9542425094393249,0,1,0,-0.2663180586089668,1,0
1149913461,1,494,28346,6.202535517187923,2504,7.825644732219989,96.54166666666667,2.1583624920952498,0.3010299956639812,0.2894736842105263,0.0020242914979757085,-0.5136009867792377,0.1534608057574261,0
1149913469,1,174,18108,5.159055299214529,521,6.255750041753367,95.3699421965318,2.2380461031287955,0.3010299956639812,0.9885057471264368,0.005747126436781609,-0.8463957735438227,0.9911089021426993,0.006129887342611001
1149913473,1,151,11553,5.017279836814924,962,6.8690144506657065,98,2.1789769472931693,0,0.9933774834437086,0,-0.39354523911305217,0.9612221933696875,0
1149913483,1,1,0,0,115,4.74493212836325,100,0.3010299956639812,0,1,0,NA,NA,NA
1149913487,1,11,2815,2.3978952727983707,415,6.028278520230698,86,1.0413926851582251,0,0.9090909090909091,0,-0.136536185313346,1,0
1149913535,1,487,21906,6.18826412308259,5563,8.623892810075294,97.19651741293532,2.60422605308447,0.3010299956639812,0.8234086242299795,0.002053388090349076,-0.6703944034832583,0.8537387017255547,4.108463434675431e-4
1149913539,1,4,318,1.3862943611198906,83,4.418840607796598,90.625,0.6989700043360189,0,1,0,NA,1,0
1149913555,1,28,157,3.332204510175204,207,5.332718793265369,90.74074074074075,1.4471580313422192,0,0.9642857142857143,0,0.06201800302046723,0.7961783439490446,0
1149913579,1,8,461,2.0794415416798357,45,3.8066624897703196,87.5,0.6020599913279624,0,0.375,0,NA,0.5661605206073753,0
1149913637,1,8,227,2.0794415416798357,406,6.0063531596017325,89.0625,0.9542425094393249,0,1,0,NA,1,0
1149913751,1,2,0,0.6931471805599453,97,4.574710978503383,100,0.3010299956639812,0,0.5,0,NA,NA,NA
1149913785,1,197,8116,5.2832037287379885,2265,7.725330037917135,84.48863636363636,1.6020599913279623,0.7781512503836436,0.19796954314720813,0.025380710659898477,-0.30974001441579074,0.19911286347954657,0.015278462296697881
1149913929,1,27,1781,3.295836866004329,103,4.634728988229636,90.97826086956522,1.380211241711606,0,0.8518518518518519,0,-1.78259750330479,0.9966311061201573,0
1149913943,0,0,0,-Inf,9,2.1972245773362196,NA,0,0,NA,NA,NA,NA,NA
1149913963,1,97,5906,4.574710978503383,516,6.246106765481563,68.25,1.7481880270062005,1.2041199826559248,0.5670103092783505,0.15463917525773196,1.2441488972996575,0.7722654927192686,0.13511683034202507
1150928255,1,2,8,0.6931471805599453,72,4.276666119016055,90,0.47712125471966244,0,1,0,NA,1,0
1150928285,1,55,4184,4.007333185232471,103,4.634728988229636,87.4090909090909,1.7481880270062005,0,1,0,-0.26837920811668997,1,0
1150928295,1,31,2392,3.4339872044851463,423,6.0473721790462776,95.31666666666666,1.4913616938342726,0,0.967741935483871,0,-0.1488172959454417,0.9987458193979933,0
1150928365,1,5,257,1.6094379124341003,644,6.467698726104354,91.5,0.7781512503836436,0,1,0,NA,1,0
1150928399,0,0,0,-Inf,103,4.634728988229636,NA,0,0,NA,NA,NA,NA,NA
1150928443,1,5,57,1.6094379124341003,79,4.3694478524670215,100,0.7781512503836436,0,1,0,NA,1,0
1150928495,1,17,1280,2.833213344056216,132,4.882801922586371,91.71875,1.2304489213782739,0,0.9411764705882353,0,-0.585447637599171,0.30859375,0
1150928497,1,9,871,2.1972245773362196,210,5.3471075307174685,86.66666666666667,1,0,1,0,2.55838067595341,1,0
1150928513,1,12,2190,2.4849066497880004,203,5.313205979041787,94.375,1.1139433523068367,0,1,0,-0.25886156290572465,1,0
1150928561,1,18,158,2.8903717578961645,3423,8.138272638530186,87.5,0.3010299956639812,0,0.05555555555555555,0,NA,0.18354430379746836,0
1150928579,0,0,0,-Inf,35,3.5553480614894135,NA,0,0,NA,NA,NA,NA,NA
1150928657,1,7,116,1.9459101490553132,262,5.568344503761097,91.35714285714286,0.8450980400142568,0.3010299956639812,0.8571428571428571,0.14285714285714285,-2.11884486738009,0.9655172413793104,0.034482758620689655
1150928735,1,5,673,1.6094379124341003,5991,8.698013622083925,85,0.7781512503836436,0,1,0,NA,1,0
1150928815,0,0,0,-Inf,1,0,NA,0,0,NA,NA,NA,NA,NA
1150928915,0,0,0,-Inf,3,1.0986122886681098,NA,0,0,NA,NA,NA,NA,NA
1150928929,1,5,295,1.6094379124341003,58,4.060443010546419,85.5,0.7781512503836436,0,1,0,1.34051385804251,1,0
1150928983,1,22,634,3.091042453358316,341,5.831882477283517,90.325,1.2787536009528289,0.47712125471966244,0.8181818181818182,0.09090909090909091,-0.13869837428459725,0.7886435331230284,0.19400630914826497
1150929009,1,2,419,0.6931471805599453,50,3.912023005428146,96.25,0.47712125471966244,0,1,0,-0.408785353573776,1,0
1150929031,0,0,0,-Inf,97,4.574710978503383,NA,0,0,NA,NA,NA,NA,NA
1150929037,1,1,166,0,91,4.51085950651685,37.5,0,0.3010299956639812,0,1,1.54039575161562,0,1
1150929121,1,7,240,1.9459101490553132,72,4.276666119016055,87.5,0.6989700043360189,0,0.5714285714285714,0,-0.720045061591397,0.7166666666666667,0
1150929171,1,230,3546,5.438079308923196,428,6.059123195581797,86.23913043478261,2.3541084391474008,0.7781512503836436,0.9782608695652174,0.021739130434782608,1.4140387119725646,0.9495205865764241,0.05047941342357586
1150929183,1,42,1647,3.7376696182833684,170,5.135798437050262,91.7439024390244,1.6127838567197355,0.3010299956639812,0.9523809523809523,0.023809523809523808,0.008907866293679026,0.9981785063752276,0.0018214936247723133
1150929191,1,16,51,2.772588722239781,99,4.59511985013459,94.83333333333333,1.2041199826559248,0,0.9375,0,-0.6493650066615182,0.7450980392156863,0
1150929193,1,1,104,0,82,4.406719247264253,100,0.3010299956639812,0,1,0,NA,1,0
1150929269,0,0,0,-Inf,458,6.126869184114185,NA,0,0,NA,NA,NA,NA,NA
1150929345,1,9,7,2.1972245773362196,64,4.1588830833596715,93.88888888888889,1,0,1,0,-0.19501642705116934,1,0
1150929457,1,6,129,1.791759469228055,99,4.59511985013459,100,0.6020599913279624,0,0.5,0,NA,0.9767441860465116,0
1150929465,1,46,2034,3.828641396489095,1142,7.040536390215956,50.02777777777778,1.1760912590556813,1.3617278360175928,0.30434782608695654,0.4782608695652174,1.4498672445292817,0.3072763028515241,0.47984267453294
1150929487,1,16,587,2.772588722239781,65,4.174387269895637,87.96875,1.2304489213782739,0,1,0,-0.37915412856796615,1,0
1150929573,0,0,0,-Inf,3,1.0986122886681098,NA,0,0,NA,NA,NA,NA,NA
1150929681,1,5,17,1.6094379124341003,15,2.70805020110221,NA,0,0,0,0,NA,0,0
1151615857,1,10,146,2.302585092994046,108,4.68213122712422,71.25,0.9030899869919435,0.6020599913279624,0.7,0.3,1.8505818047703388,0.1095890410958904,0.8904109589041096
1151615895,0,0,0,-Inf,18,2.8903717578961645,NA,0,0,NA,NA,NA,NA,NA
1151615905,1,54,15065,3.9889840465642745,1302,7.171656822768514,87.23958333333333,1.6901960800285136,0,0.8888888888888888,0,NA,0.9797543976103551,0
1151615907,1,14,943,2.6390573296152584,80,4.382026634673881,91.42857142857143,1.1760912590556813,0,1,0,-0.015394622766252327,1,0
1151615953,1,28,3705,3.332204510175204,801,6.68586094706836,91.23214285714286,1.462397997898956,0,1,0,0.7917305027340757,1,0
1151615971,0,0,0,-Inf,6,1.791759469228055,NA,0,0,NA,NA,NA,NA,NA
1151615973,1,4,1,1.3862943611198906,47,3.8501476017100584,100,0.6989700043360189,0,1,0,NA,1,0
1151615991,1,4,297,1.3862943611198906,176,5.170483995038151,94.375,0.6989700043360189,0,1,0,NA,1,0
1151615999,1,74,3022,4.30406509320417,672,6.5102583405231496,75.52702702702703,1.3222192947339193,1.255272505103306,0.2702702702702703,0.22972972972972974,0.2501793013598688,0.3639973527465255,0.21244209133024486
1151616027,1,2,20,0.6931471805599453,280,5.634789603169249,87.5,0.47712125471966244,0,1,0,NA,1,0
1151616043,0,0,0,-Inf,98,4.584967478670572,NA,0,0,NA,NA,NA,NA,NA
1151616093,1,1,416,0,179,5.187385805840755,100,0.3010299956639812,0,1,0,-0.720045061591397,1,0
1151616151,1,1,0,0,29,3.367295829986474,100,0.3010299956639812,0,1,0,0.031974641227115,NA,NA
1151616199,1,1,1,0,6,1.791759469228055,100,0.3010299956639812,0,1,0,NA,1,0
1151616205,1,30,1511,3.4011973816621555,185,5.220355825078324,82.41666666666667,1.2041199826559248,0.6020599913279624,0.5,0.1,-0.3591306566901448,0.056915949702183985,0.4367968232958306
1151616239,1,14,520,2.6390573296152584,290,5.66988092298052,88.57142857142857,1.146128035678238,0.3010299956639812,0.9285714285714286,0.07142857142857142,0.33693059664632,1,0
1151616271,0,0,0,-Inf,1,0,NA,0,0,NA,NA,NA,NA,NA
1151616283,1,44,467,3.784189633918261,1133,7.0326242610280065,89.875,1.6127838567197355,0,0.9090909090909091,0,0.640030344184321,0.9421841541755889,0
1151616385,1,70,3561,4.248495242049359,731,6.594413459749778,77.43243243243244,1.4313637641589874,1.0791812460476249,0.37142857142857144,0.15714285714285714,0.6558508700019249,0.2757652344846953,0.031451839370963214
1151616413,1,11,528,2.3978952727983707,164,5.099866427824199,97.5,0.6020599913279624,0,0.2727272727272727,0,NA,0.032196969696969696,0
1151616421,0,0,0,-Inf,6,1.791759469228055,NA,0,0,NA,NA,NA,NA,NA
1151616443,1,98,2994,4.584967478670572,2203,7.697575346802343,86.5721649484536,1.9912260756924949,0,0.9897959183673469,0,-0.4000728906580279,1,0
1151616483,1,12,729,2.4849066497880004,52,3.9512437185814275,97.5,1.1139433523068367,0,1,0,-0.5386479900170663,1,0
1151616491,1,18,338,2.8903717578961645,1623,7.392031567514591,81,0.8450980400142568,0.3010299956639812,0.3333333333333333,0.05555555555555555,NA,0.28402366863905326,0.011834319526627219
1151616519,1,495,19071,6.20455776256869,3642,8.200288260287554,81.93055555555556,2.550228353055094,0.8450980400142568,0.7151515151515152,0.012121212121212121,2.1126186360176558,0.7866394001363326,0.025378847464737037
1151616523,1,9,317,2.1972245773362196,1224,7.1098794630722715,86.94444444444444,1,0,1,0,-0.17154126605087625,1,0
1151616527,1,12,325,2.4849066497880004,73,4.290459441148391,93.95833333333333,1.1139433523068367,0,1,0,-0.3975610814835846,1,0
1151616557,1,17,3058,2.833213344056216,26,3.258096538021482,NA,0,0,0,0,NA,0,0
1151616567,1,7,26,1.9459101490553132,120,4.787491742782046,94.64285714285714,0.9030899869919435,0,1,0,-0.08182752998427432,1,0
1151616579,1,2,22,0.6931471805599453,344,5.840641657373398,NA,0,0,0,0,NA,0,0
1151616595,1,47,3076,3.8501476017100584,254,5.537334267018537,90.75,1.662757831681574,0.3010299956639812,0.9574468085106383,0.02127659574468085,-0.1885287654819435,0.9775682704811444,0
1151616647,1,74,1766,4.30406509320417,1808,7.4999765409521215,94.25735294117646,1.8388490907372552,0,0.918918918918919,0,0.556038702164498,0.7197055492638732,0
1151616659,1,4,14,1.3862943611198906,91,4.51085950651685,83.75,0.6989700043360189,0,1,0,NA,1,0
1151616665,0,0,0,-Inf,144,4.969813299576001,NA,0,0,NA,NA,NA,NA,NA
1151616679,1,1,1,0,78,4.356708826689592,100,0.3010299956639812,0,1,0,-0.201934816208431,1,0
1151616703,0,0,0,-Inf,46,3.828641396489095,NA,0,0,NA,NA,NA,NA,NA
1151616705,1,44,1060,3.784189633918261,1583,7.367077059881012,93.56818181818181,1.6532125137753437,0,1,0,-0.17135839894208432,1,0
1151616755,1,14,399,2.6390573296152584,257,5.54907608489522,91.66666666666667,1.1139433523068367,0,0.8571428571428571,0,-0.540933408869212,0.49373433583959897,0
1151616781,1,1,64,0,488,6.1903154058531475,NA,0,0,0,0,NA,0,0
1151616879,1,11,784,2.3978952727983707,219,5.389071729816501,95.83333333333333,0.6020599913279624,0,0.2727272727272727,0,NA,0.10714285714285714,0
1151616881,1,78,4553,4.356708826689592,336,5.817111159963204,85.52597402597402,1.8692317197309762,0.6989700043360189,0.9358974358974359,0.05128205128205128,0.4124325610561993,0.9444322424774874,0.055348122117285306
1151617005,1,20,1164,2.995732273553991,56,4.02535169073515,79.325,1.3222192947339193,0,1,0,1.43247112423721,1,0
1151617035,1,3,2,1.0986122886681098,15,2.70805020110221,75,0.6020599913279624,0,1,0,NA,1,0
1151617083,1,26,119,3.258096538021482,276,5.62040086571715,95.76923076923077,1.4313637641589874,0,1,0,-0.2573381060092226,1,0
1151617161,1,3,131,1.0986122886681098,33,3.4965075614664802,95.83333333333333,0.6020599913279624,0,1,0,NA,1,0
1151617169,1,11,8798,2.3978952727983707,278,5.627621113690637,88.81818181818181,1.0413926851582251,0.3010299956639812,0.9090909090909091,0.09090909090909091,-0.3028196243940259,0.98226869743123435,0.01773130256876563
1151617247,1,5,306,1.6094379124341003,145,4.976733742420574,86,0.7781512503836436,0,1,0,NA,1,0
1151617317,1,42,7160,3.7376696182833684,828,6.71901315438526,94.91935483870968,1.505149978319906,0,0.7380952380952381,0,9.374211089605095e-4,0.804608938547486,0
1151617389,1,21,726,3.044522437723423,269,5.594711379601839,88.13157894736842,1.2787536009528289,0.3010299956639812,0.8571428571428571,0.047619047619047616,-0.0934237889359563,0.9972451790633609,0
1151617425,1,78,3694,4.356708826689592,1021,6.928537818164665,90.21428571428571,1.8512583487190752,0,0.8974358974358975,0,-0.24996334012634544,0.8917162966973471,0
1151617461,1,4,38,1.3862943611198906,27,3.295836866004329,73.33333333333333,0.47712125471966244,0.3010299956639812,0.5,0.25,-0.0694465006852936,0,0
1151617463,1,5,249,1.6094379124341003,35,3.5553480614894135,90.625,0.6989700043360189,0,0.8,0,-0.447949454229901,1,0
1151617503,1,6,35,1.791759469228055,482,6.1779441140506,87,0.7781512503836436,0,0.8333333333333334,0,-0.720045061591397,1,0
1151617523,1,13,290,2.5649493574615367,120,4.787491742782046,94.42307692307692,1.146128035678238,0,1,0,0.6971035586216788,1,0
1151617555,0,0,0,-Inf,4,1.3862943611198906,NA,0,0,NA,NA,NA,NA,NA
1151617583,1,85,7446,4.442651256490317,2017,7.6093665379542115,84.09036144578313,1.919078092376074,0.3010299956639812,0.9647058823529412,0.011764705882352941,0.21824947396325967,0.9918076819769004,0.008192318023099651
1151617621,1,17,1209,2.833213344056216,203,5.313205979041787,86.08823529411765,1.255272505103306,0,1,0,0.801366294345122,1,0
1151617635,1,315,17766,5.752572638825633,991,6.898714534329988,89.5079365079365,2.499687082618404,0,1,0,0.0860515887252107,1,0
1151617653,1,10,505,2.302585092994046,74,4.30406509320417,93.25,1.0413926851582251,0,1,0,-0.055509428791790494,1,0
1151617655,1,21,306,3.044522437723423,134,4.897839799950911,89.725,1.3222192947339193,0,0.9523809523809523,0,0.0318301497237225,1,0
1151617675,1,3,190,1.0986122886681098,1386,7.234177179749849,90.83333333333333,0.6020599913279624,0,1,0,NA,1,0
1151617679,1,4,342,1.3862943611198906,66,4.189654742026425,96.25,0.6989700043360189,0,1,0,0.416522998704338,1,0
1151617695,1,12,122,2.4849066497880004,173,5.153291594497779,88.29166666666667,1.1139433523068367,0,1,0,0.7482401568302132,1,0
1151617703,1,20,588,2.995732273553991,146,4.983606621708336,95.88888888888889,1.2787536009528289,0,0.9,0,-0.22324367157690017,0.8979591836734694,0
1151617735,1,13,563,2.5649493574615367,336,5.817111159963204,85.5,1.146128035678238,0,1,0,0.0860515887252107,1,0
1151617819,1,6,215,1.791759469228055,926,6.8308742346461795,86.25,0.8450980400142568,0,1,0,NA,1,0
1151617865,1,3,0,1.0986122886681098,120,4.787491742782046,87.5,0.6020599913279624,0,1,0,NA,NA,NA
1151617911,1,1,99,0,77,4.343805421853684,100,0.3010299956639812,0,1,0,NA,1,0
1151618003,1,22,334,3.091042453358316,264,5.575949103146316,92.32352941176471,1.2304489213782739,0.3010299956639812,0.7272727272727273,0.045454545454545456,-0.3669216500136947,0.6107784431137725,0.005988023952095809
1151618015,1,1,0,0,162,5.087596335232384,77.5,0.3010299956639812,0,1,0,NA,NA,NA
1151618045,1,25,130,3.2188758248682006,135,4.90527477843843,86.94444444444444,1.2787536009528289,0,0.72,0,-0.6812543012025694,0.8307692307692308,0
1151618085,0,0,0,-Inf,39,3.6635616461296463,NA,0,0,NA,NA,NA,NA,NA
1151618089,0,0,0,-Inf,145,4.976733742420574,NA,0,0,NA,NA,NA,NA,NA
1151618091,0,0,0,-Inf,67,4.204692619390966,NA,0,0,NA,NA,NA,NA,NA
1151618113,1,35,16524,3.5553480614894135,300,5.703782474656201,91.57142857142857,1.5563025007672873,0,1,0,-0.24127546052240875,1,0
1151618151,1,63,4022,4.143134726391533,3316,8.106514516255185,79.5725806451613,1.7075701760979363,1.1139433523068367,0.7936507936507936,0.19047619047619047,0.20841841739798322,0.8654898060666335,0.09945300845350571
1151618161,1,37,1522,3.6109179126442243,893,6.794586580876499,88.87096774193549,1.505149978319906,0,0.8378378378378378,0,0.277768659954695,0.8232588699080158,0
1151618217,1,139,15938,4.9344739331306915,2759,7.922623574217286,93.30232558139535,1.6434526764861874,0,0.30935251798561153,0,-0.5772954016070485,0.28730079056343333,0
1151618225,1,14,115,2.6390573296152584,29,3.367295829986474,88.07692307692308,1.146128035678238,0,0.9285714285714286,0,0.485440444295007,0.9217391304347826,0
1151618279,1,44,544,3.784189633918261,647,6.472346294500901,82.44318181818181,1.6532125137753437,0,1,0,NA,1,0
1151618281,1,59,3507,4.07753744390572,220,5.393627546352362,95.97457627118644,1.7781512503836436,0,1,0,-0.7526104392279709,1,0
1151618357,1,6,2,1.791759469228055,39,3.6635616461296463,92.91666666666667,0.8450980400142568,0,1,0,0.10989681835286196,1,0
1151618375,1,24,785,3.1780538303479458,106,4.663439094112067,81.975,1.2304489213782739,0.6989700043360189,0.6666666666666666,0.16666666666666666,0.13473292670056572,0.6942675159235668,0.2917197452229299
1151618401,1,13,844,2.5649493574615367,203,5.313205979041787,73.26923076923077,1.0413926851582251,0.6020599913279624,0.7692307692307693,0.23076923076923078,1.4176899798513913,0.6516587677725119,0.34834123222748814
1151618409,1,8,34,2.0794415416798357,219,5.389071729816501,84.3125,0.9030899869919435,0.3010299956639812,0.875,0.125,-0.04636355130609921,0.9705882352941176,0.029411764705882353
1151618477,1,25,8831,3.2188758248682006,446,6.100318952020064,97.27272727272727,1.3617278360175928,0,0.88,0,-0.2830887478781599,0.9899218661533236,0
1151618511,1,30,2423,3.4011973816621555,916,6.82001636467413,91.25,1.2304489213782739,0,0.5333333333333333,0,-0.29190986626801774,0.4696657036731325,0
1151618549,1,5,136,1.6094379124341003,382,5.945420608606575,92,0.7781512503836436,0,1,0,-0.447949454229901,1,0
1151618573,0,0,0,-Inf,134,4.897839799950911,NA,0,0,NA,NA,NA,NA,NA
1151618645,1,22,9595,3.091042453358316,330,5.799092654460526,66.5,1.1760912590556813,0.9030899869919435,0.6363636363636364,0.3181818181818182,NA,0.9697759249609171,0.02876498176133403
1151618685,0,0,0,-Inf,294,5.683579767338681,NA,0,0,NA,NA,NA,NA,NA
1151618711,1,125,9233,4.8283137373023015,1027,6.934397209928558,92.2172131147541,2.089905111439398,0,0.976,0,-0.3844084510464175,0.972489981587783,0
1151618719,1,58,21441,4.060443010546419,587,6.375024819828097,86.36458333333333,1.6901960800285136,0,0.8275862068965517,0,-0.17263706997895956,0.9568583554871508,0
1151618733,1,3,53,1.0986122886681098,64,4.1588830833596715,89.16666666666667,0.6020599913279624,0,1,0,NA,1,0
1151618857,1,21,3421,3.044522437723423,2096,7.647786045440933,83.725,1.3010299956639813,0.3010299956639812,0.9047619047619048,0.047619047619047616,0.2772358110292737,0.9625840397544577,0.03653902367728734
1151618885,1,44,388,3.784189633918261,210,5.3471075307174685,90.27272727272727,1.6434526764861874,0.3010299956639812,0.9772727272727273,0.022727272727272728,0.01899039522655166,1,0
1151618943,1,4,99,1.3862943611198906,554,6.317164686747284,75,0.6989700043360189,0,1,0,NA,1,0
1151618953,1,10,847,2.302585092994046,194,5.267858159063328,89.625,0.9542425094393249,0,0.8,0,0.39287402180710745,0.8654073199527745,0
1151618965,1,59,5388,4.07753744390572,305,5.720311776607412,50.779661016949156,1.3010299956639813,1.6127838567197355,0.3220338983050847,0.6779661016949152,1.6088642714356458,0.3730512249443207,0.6269487750556793
1151618977,1,129,3264,4.859812404361672,441,6.089044875446846,84.01953125,2.1072099696478683,0.3010299956639812,0.9844961240310077,0.007751937984496124,1.4739834374402403,0.9935661764705882,9.191176470588235e-4
1151619031,1,5,0,1.6094379124341003,181,5.198497031265826,86.5,0.7781512503836436,0,1,0,-0.4409751471059781,NA,NA
1151619039,1,28,808,3.332204510175204,843,6.736966958001855,91.70454545454545,1.3617278360175928,0,0.7857142857142857,0,-0.2905852002934543,0.9641089108910891,0
1151619043,1,251,8697,5.5254529391317835,729,6.591673732008658,74.94422310756973,2.399673721481038,0.3010299956639812,0.9960159362549801,0.00398406374501992,1.3507128626833091,0.9986202138668506,0.0013797861331493618
1151714389,1,168,22082,5.123963979403259,812,6.699500340161678,88.49101796407186,2.225309281725863,0,0.9940476190476191,0,0.5472870839685219,0.9995471424689792,0
1151731589,1,1,865,0,18,2.8903717578961645,37.5,0,0.3010299956639812,0,1,1.54039575161562,0,1
1151731929,0,0,0,-Inf,29,3.367295829986474,NA,0,0,NA,NA,NA,NA,NA
1151732257,1,70,7825,4.248495242049359,1474,7.295735072749282,91.11428571428571,1.8512583487190752,0,1,0,-0.9436254621046272,1,0
1151732295,1,7,181,1.9459101490553132,609,6.411818267709897,82.5,0.8450980400142568,0,0.8571428571428571,0,NA,0.9116022099447514,0
1151732689,1,17,71,2.833213344056216,478,6.169610732491456,84.16666666666667,1,0,0.5294117647058824,0,NA,0.8169014084507042,0
1151747069,1,12,165,2.4849066497880004,416,6.030685260261263,85.83333333333333,1.1139433523068367,0,1,0,NA,1,0
1151747503,0,0,0,-Inf,52,3.9512437185814275,NA,0,0,NA,NA,NA,NA,NA
1151747861,1,146,13719,4.983606621708336,413,6.023447592961033,93.6472602739726,2.167317334748176,0,1,0,-0.7931730611467809,1,0
1151748081,0,0,0,-Inf,17,2.833213344056216,NA,0,0,NA,NA,NA,NA,NA
1151748995,0,0,0,-Inf,5,1.6094379124341003,NA,0,0,NA,NA,NA,NA,NA
1151761865,1,1,131,0,43,3.7612001156935624,69.5,0.3010299956639812,0,1,0,1.43247112423721,1,0
1151763685,0,0,0,-Inf,17,2.833213344056216,NA,0,0,NA,NA,NA,NA,NA
1151764439,1,69,3066,4.23410650459726,149,5.003946305945459,93.11764705882354,1.8388490907372552,0,0.9855072463768116,0,-0.5517324248524126,1,0
1151776495,0,0,0,-Inf,13,2.5649493574615367,NA,0,0,NA,NA,NA,NA,NA
1151777117,1,46,998,3.828641396489095,130,4.867534450455582,99.4888888888889,1.662757831681574,0,0.9782608695652174,0,NA,1,0
1151778429,1,16,444,2.772588722239781,707,6.561030665896573,85.15625,1.2304489213782739,0,1,0,NA,1,0
1151786499,1,8,700,2.0794415416798357,301,5.707110264748875,85.71428571428571,0.9030899869919435,0,0.875,0,NA,1,0
1151794133,1,50,2571,3.912023005428146,4636,8.441607204459642,86.32926829268293,1.6127838567197355,0.3010299956639812,0.8,0.02,-0.08395199492316749,0.5764294049008168,0
1151794675,1,22,1372,3.091042453358316,308,5.730099782973574,85.54545454545455,1.3617278360175928,0,1,0,0.28043224189503907,1,0
1151795515,1,8,113,2.0794415416798357,86,4.454347296253507,71.6875,0.7781512503836436,0.6020599913279624,0.625,0.375,-0.294278479547713,0,1
1151811791,1,343,6712,5.8377304471659395,1258,7.1372784372603855,98.83819241982508,2.53655844257153,0,1,0,-0.13372330824678336,1,0
1151812173,1,1,0,0,384,5.950642552587727,100,0.3010299956639812,0,1,0,NA,NA,NA
1151830995,1,10,136,2.302585092994046,92,4.5217885770490405,95,0.47712125471966244,0,0.2,0,NA,0.11764705882352941,0
1151846241,1,47,10819,3.8501476017100584,853,6.748759547491679,93.17021276595744,1.6812412373755872,0,1,0,0.335132540224039,1,0
1151846355,1,3,0,1.0986122886681098,186,5.225746673713202,85,0.6020599913279624,0,1,0,NA,NA,NA
1151863293,1,2,125,0.6931471805599453,83,4.418840607796598,85,0.3010299956639812,0,0.5,0,NA,0,0
1151864043,0,0,0,-Inf,257,5.54907608489522,NA,0,0,NA,NA,NA,NA,NA
1151893997,1,49,1580,3.8918202981106265,595,6.38856140554563,89.84693877551021,1.6989700043360187,0,1,0,NA,1,0
1151908755,1,14,408,2.6390573296152584,95,4.553876891600541,87.64285714285714,1.146128035678238,0.3010299956639812,0.9285714285714286,0.07142857142857142,0.37064323086631656,1,0
1151924253,1,2,34,0.6931471805599453,52,3.9512437185814275,NA,0,0,0,0,NA,0,0
1151924363,0,0,0,-Inf,48,3.871201010907891,NA,0,0,NA,NA,NA,NA,NA
1151996081,1,21,335,3.044522437723423,570,6.345636360828596,89.07894736842105,1.3010299956639813,0,0.9047619047619048,0,0.217710414955828,1,0
1152002145,1,4,40,1.3862943611198906,10,2.302585092994046,85.5,0.6989700043360189,0,1,0,0.485440444295007,1,0
1152020981,0,0,0,-Inf,7,1.9459101490553132,NA,0,0,NA,NA,NA,NA,NA
1152033997,1,1,0,0,42,3.7376696182833684,69.5,0.3010299956639812,0,1,0,1.43247112423721,NA,NA
1152080103,1,14,529,2.6390573296152584,281,5.638354669333745,70.71428571428571,0.9542425094393249,0.8450980400142568,0.5714285714285714,0.42857142857142855,1.3190318604189766,0.33459357277882795,0.665406427221172
1152099333,1,1,115,0,33,3.4965075614664802,NA,0,0,0,0,NA,0,0
1152118331,1,5,650,1.6094379124341003,78,4.356708826689592,85.5,0.7781512503836436,0,1,0,NA,1,0
1152135883,1,8,181,2.0794415416798357,710,6.565264970035361,90.83333333333333,0.8450980400142568,0,0.75,0,-0.3193223550933572,1,0
1152151051,0,0,0,-Inf,150,5.0106352940962555,NA,0,0,NA,NA,NA,NA,NA
1152181317,1,10,311,2.302585092994046,104,4.6443908991413725,87,1.0413926851582251,0,1,0,-0.131337653929562,1,0
1152254947,1,2,87,0.6931471805599453,189,5.241747015059643,92.5,0.47712125471966244,0,1,0,NA,1,0
1152259755,1,5,1,1.6094379124341003,321,5.771441123130016,88.5,0.7781512503836436,0,1,0,NA,1,0
1152906121,1,4,91,1.3862943611198906,174,5.159055299214529,69.5,0.6989700043360189,0,1,0,1.43247112423721,1,0
1153296113,1,6,430,1.791759469228055,601,6.398594934535208,94.16666666666667,0.8450980400142568,0,1,0,-0.03592737846372798,1,0
1153327715,1,1,1,0,1486,7.303843225277705,87.5,0.3010299956639812,0,1,0,NA,1,0
1153402929,1,39,2207,3.6635616461296463,119,4.77912349311153,88.69047619047619,1.3424226808222062,0,0.5384615384615384,0,-0.2883275256849751,0.5804259175351155,0
1153652247,1,1,0,0,295,5.68697535633982,100,0.3010299956639812,0,1,0,NA,NA,NA
