caseid,totalnewsbinary_dv_All_ref,totalnewscount_dv_All_ref,log_news_dv_All_ref,Average_domain_NewsG_Score_dv_All_ref,Count_Reliable_NewsG_Score_dv_All_ref,Count_Unreliable_NewsG_Score_dv_All_ref,Prop_Reliable_NewsG_Score_dv_All_ref,Prop_Unreliable_NewsG_Score_dv_All_ref
1147325327,1,111,4.709530201312334,68.87113402061856,1.8573324964312685,1.4313637641589874,0.6396396396396397,0.23423423423423423
1147357513,1,256,5.545177444479562,92.63571428571429,1.845098040014257,0.3010299956639812,0.26953125,0.00390625
1147357933,1,15,2.70805020110221,89.28571428571429,0.9030899869919435,0,0.4666666666666667,0
1149913275,1,13,2.5649493574615367,91.5,0.7781512503836436,0,0.38461538461538464,0
1149913277,1,11,2.3978952727983707,88.86363636363636,1.0791812460476249,0,1,0
1149913281,1,2,0.6931471805599453,95,0.47712125471966244,0,1,0
1149913289,1,4,1.3862943611198906,96.875,0.6989700043360189,0,1,0
1149913291,1,27,3.295836866004329,88.36,1.380211241711606,0.47712125471966244,0.8518518518518519,0.07407407407407407
1149913297,1,10,2.302585092994046,93.92857142857143,0.9030899869919435,0,0.7,0
1149913303,1,49,3.8918202981106265,95.95652173913044,1.6720978579357175,0,0.9387755102040817,0
1149913313,1,18,2.8903717578961645,94.16666666666667,1.2787536009528289,0,1,0
1149913315,1,10,2.302585092994046,88.125,0.9542425094393249,0,0.8,0
1149913325,1,11,2.3978952727983707,94.375,0.6989700043360189,0,0.36363636363636365,0
1149913335,1,143,4.962844630259907,91.75531914893617,1.6812412373755872,0,0.32867132867132864,0
1149913353,1,211,5.351858133476067,90.09580838323353,2.2174839442139063,0.6020599913279624,0.7772511848341233,0.014218009478672985
1149913361,1,40,3.6888794541139363,89.71621621621621,1.5797835966168101,0,0.925,0
1149913369,1,115,4.74493212836325,90.93577981651376,2.0253058652647704,0.6989700043360189,0.9130434782608695,0.034782608695652174
1149913371,1,1,0,90,0.3010299956639812,0,1,0
1149913373,1,26,3.258096538021482,94.0909090909091,1.3617278360175928,0,0.8461538461538461,0
1149913377,1,677,6.517671272912275,90.61411764705882,2.6180480967120925,1.0791812460476249,0.6115214180206795,0.01624815361890694
1149913387,1,2,0.6931471805599453,93.75,0.47712125471966244,0,1,0
1149913393,1,5,1.6094379124341003,89.375,0.6989700043360189,0,0.8,0
1149913395,1,22,3.091042453358316,91.07142857142857,1.1760912590556813,0,0.6363636363636364,0
1149913397,1,62,4.127134385045092,90.93333333333334,1.6434526764861874,0.47712125471966244,0.6935483870967742,0.03225806451612903
1149913399,1,206,5.327876168789581,59.56377551020408,2.089905111439398,1.8750612633917,0.5922330097087378,0.3592233009708738
1149913409,1,5,1.6094379124341003,90.625,0.6989700043360189,0,0.8,0
1149913413,1,6,1.791759469228055,95.5,0.7781512503836436,0,0.8333333333333334,0
1149913415,1,19,2.9444389791664403,86.54545454545455,1.0413926851582251,0.3010299956639812,0.5263157894736842,0.05263157894736842
1149913417,1,46,3.828641396489095,92.44186046511628,1.6232492903979006,0.47712125471966244,0.8913043478260869,0.043478260869565216
1149913421,1,15,2.70805020110221,92.5,1.1760912590556813,0,0.9333333333333333,0
1149913427,1,91,4.51085950651685,90.47916666666667,1.8573324964312685,0.3010299956639812,0.7802197802197802,0.01098901098901099
1149913433,1,499,6.212606095751519,91.2240663900415,2.683947130751512,0,0.9659318637274549,0
1149913435,1,1,0,82.5,0.3010299956639812,0,1,0
1149913439,1,12,2.4849066497880004,100,0.3010299956639812,0,0.08333333333333333,0
1149913441,1,11,2.3978952727983707,88.92857142857143,0.9030899869919435,0,0.6363636363636364,0
1149913443,1,52,3.9512437185814275,93.54166666666667,1.1139433523068367,0,0.23076923076923078,0
1149913445,1,217,5.37989735354046,71.33658536585367,2.305351369446624,0.6989700043360189,0.9262672811059908,0.018433179723502304
1149913453,1,38,3.6375861597263857,89.7,1.414973347970818,0,0.6578947368421053,0
1149913455,1,489,6.192362489474872,64.98,2.5390760987927767,2.1172712956557644,0.7055214723926381,0.2658486707566462
1149913467,1,32,3.4657359027997265,93.125,0.6989700043360189,0,0.125,0
1149913475,1,8,2.0794415416798357,86.78571428571429,0.9030899869919435,0,0.875,0
1149913477,1,57,4.04305126783455,91.69642857142857,1.7558748556724915,0,0.9824561403508771,0
1149913483,1,19,2.9444389791664403,91.25,1.2787536009528289,0,0.9473684210526315,0
1149913511,1,64,4.1588830833596715,90.025,1.6020599913279623,0.3010299956639812,0.609375,0.015625
1149913513,1,1,0,92.5,0.3010299956639812,0,1,0
1149913517,1,3,1.0986122886681098,87.5,0.6020599913279624,0,1,0
1149913519,1,342,5.834810737062605,88.62637362637362,1.9637878273455553,0,0.26608187134502925,0
1149913549,1,1,0,NaN,0,0,0,0
1149913569,1,39,3.6635616461296463,92,0.7781512503836436,0,0.1282051282051282,0
1149913575,1,4,1.3862943611198906,87.5,0.47712125471966244,0,0.5,0
1149913577,1,52,3.9512437185814275,90.84146341463415,1.6127838567197355,0.3010299956639812,0.7692307692307693,0.019230769230769232
1149913583,1,13,2.5649493574615367,76,0.47712125471966244,0,0.15384615384615385,0
1149913591,1,57,4.04305126783455,83.07692307692308,1.4771212547196624,1.0413926851582251,0.5087719298245614,0.17543859649122806
1149913703,1,1336,7.197435354096591,90.92879137798306,3.1136091510730277,0.3010299956639812,0.9715568862275449,7.485029940119761e-4
1149913737,1,2,0.6931471805599453,87.5,0.47712125471966244,0,1,0
1149913749,1,147,4.990432586778736,95,0.8450980400142568,0,0.04081632653061224,0
1149913763,1,21,3.044522437723423,88.33333333333333,1.3424226808222062,0,1,0
1149913777,1,2,0.6931471805599453,NaN,0,0,0,0
1149913781,1,17,2.833213344056216,94.10714285714286,1.1760912590556813,0,0.8235294117647058,0
1149913783,1,1,0,NaN,0,0,0,0
1149913805,1,21,3.044522437723423,97.5,0.47712125471966244,0,0.09523809523809523,0
1149913837,1,32,3.4657359027997265,93.79310344827586,1.4771212547196624,0,0.90625,0
1149913839,1,5,1.6094379124341003,96,0.7781512503836436,0,1,0
1149913841,1,2,0.6931471805599453,NaN,0,0,0,0
1149913855,1,10,2.302585092994046,45.666666666666664,0.3010299956639812,0.47712125471966244,0.1,0.2
1149913861,1,3,1.0986122886681098,90,0.6020599913279624,0,1,0
1149913865,1,10,2.302585092994046,89.25,1.0413926851582251,0,1,0
1149913897,1,9,2.1972245773362196,93,0.7781512503836436,0,0.5555555555555556,0
1149913909,1,160,5.075173815233827,53.4,1.2304489213782739,1.3979400086720377,0.1,0.15
1149913935,1,197,5.2832037287379885,NaN,0,0,0,0
1149913937,1,23,3.1354942159291497,90,1.3424226808222062,0,0.9130434782608695,0
1149913979,1,11,2.3978952727983707,95,0.8450980400142568,0,0.5454545454545454,0
1149914039,1,36,3.58351893845611,93.73611111111111,1.568201724066995,0,1,0
1149914067,1,74,4.30406509320417,89.4186046511628,1.6434526764861874,0,0.581081081081081,0
1150928257,1,2,0.6931471805599453,90,0.47712125471966244,0,1,0
1150928263,1,1,0,NaN,0,0,0,0
1150928265,1,19,2.9444389791664403,88.125,1.2304489213782739,0,0.8421052631578947,0
1150928269,1,12,2.4849066497880004,93.81818181818181,1.0413926851582251,0.3010299956639812,0.8333333333333334,0.08333333333333333
1150928277,1,12,2.4849066497880004,86.05555555555556,0.9542425094393249,0.3010299956639812,0.6666666666666666,0.08333333333333333
1150928279,1,31,3.4339872044851463,77.52083333333333,1.3617278360175928,0.47712125471966244,0.7096774193548387,0.06451612903225806
1150928283,1,15,2.70805020110221,92.83333333333333,1.2041199826559248,0,1,0
1150928287,1,5,1.6094379124341003,91.66666666666667,0.6020599913279624,0,0.6,0
1150928291,1,10,2.302585092994046,95,0.7781512503836436,0,0.5,0
1150928297,1,30,3.4011973816621555,81.28571428571429,1.380211241711606,0.7781512503836436,0.7666666666666667,0.16666666666666666
1150928299,1,24,3.1780538303479458,98.67647058823529,1.255272505103306,0,0.7083333333333334,0
1150928301,1,15,2.70805020110221,78.86363636363636,1.0791812460476249,0,0.7333333333333333,0
1150928303,1,65,4.174387269895637,95.26612903225806,1.792391689498254,0.3010299956639812,0.9384615384615385,0.015384615384615385
1150928305,1,85,4.442651256490317,91.47321428571429,1.7481880270062005,0.3010299956639812,0.6470588235294118,0.011764705882352941
1150928315,1,5,1.6094379124341003,90,0.7781512503836436,0,1,0
1150928319,1,1,0,NaN,0,0,0,0
1150928325,1,56,4.02535169073515,90.78125,1.2304489213782739,0,0.2857142857142857,0
1150928339,1,1,0,NaN,0,0,0,0
1150928343,1,96,4.564348191467836,77.0945945945946,1.792391689498254,1.146128035678238,0.6354166666666666,0.13541666666666666
1150928345,1,23,3.1354942159291497,95.46875,1.2304489213782739,0,0.6956521739130435,0
1150928359,1,6,1.791759469228055,63.625,0.6020599913279624,0.3010299956639812,0.5,0.16666666666666666
1150928363,1,164,5.099866427824199,85.63709677419355,1.792391689498254,0.3010299956639812,0.3719512195121951,0.006097560975609756
1150928369,1,11,2.3978952727983707,88.33333333333333,0.8450980400142568,0,0.5454545454545454,0
1150928371,1,3,1.0986122886681098,82.33333333333333,0.47712125471966244,0.3010299956639812,0.6666666666666666,0.3333333333333333
1150928379,1,2,0.6931471805599453,100,0.47712125471966244,0,1,0
1150928397,1,37,3.6109179126442243,85.72058823529412,1.5314789170422551,0.3010299956639812,0.8918918918918919,0.02702702702702703
1150928401,1,66,4.189654742026425,90.3125,1.7558748556724915,0,0.8484848484848485,0
1150928413,1,70,4.248495242049359,72.56818181818181,1.5440680443502757,1.5185139398778875,0.4857142857142857,0.45714285714285713
1150928419,1,5,1.6094379124341003,90,0.7781512503836436,0,1,0
1150928421,1,74,4.30406509320417,85.70833333333333,1.6720978579357175,0.47712125471966244,0.6216216216216216,0.02702702702702703
1150928431,1,20,2.995732273553991,85.73076923076923,1.0791812460476249,0.47712125471966244,0.55,0.1
1150928433,1,55,4.007333185232471,81.44318181818181,1.591064607026499,0.8450980400142568,0.6909090909090909,0.10909090909090909
1150928437,1,6,1.791759469228055,93.125,0.6989700043360189,0,0.6666666666666666,0
1150928439,1,54,3.9889840465642745,93.625,1.6532125137753437,0,0.8148148148148148,0
1150928453,1,44,3.784189633918261,92.09302325581395,1.6434526764861874,0,0.9772727272727273,0
1150928457,1,505,6.22455842927536,90.58076009501188,2.617000341120899,0.9542425094393249,0.8178217821782178,0.015841584158415842
1150928461,1,19,2.9444389791664403,90.69444444444444,1.2787536009528289,0,0.9473684210526315,0
1150928463,1,97,4.574710978503383,95.56896551724138,1.462397997898956,0.3010299956639812,0.28865979381443296,0.010309278350515464
1150928465,1,84,4.430816798843313,94.8395061728395,1.9030899869919435,0.47712125471966244,0.9404761904761905,0.023809523809523808
1150928473,1,4,1.3862943611198906,85.83333333333333,0.6020599913279624,0,0.75,0
1150928475,1,15,2.70805020110221,90,1.0791812460476249,0,0.7333333333333333,0
1150928479,1,3,1.0986122886681098,67.25,0.3010299956639812,0.3010299956639812,0.3333333333333333,0.3333333333333333
1150928505,1,3,1.0986122886681098,100,0.6020599913279624,0,1,0
1150928507,1,9,2.1972245773362196,96.5,0.7781512503836436,0,0.5555555555555556,0
1150928515,1,6,1.791759469228055,96.25,0.8450980400142568,0,1,0
1150928521,1,6,1.791759469228055,93.75,0.6989700043360189,0,0.6666666666666666,0
1150928523,1,1,0,100,0.3010299956639812,0,1,0
1150928525,1,41,3.713572066704308,85.5125,1.568201724066995,0.6989700043360189,0.8780487804878049,0.0975609756097561
1150928529,1,4,1.3862943611198906,85.83333333333333,0.6020599913279624,0,0.75,0
1150928531,1,3251,8.086717920303906,93.40867016352978,3.510813010512496,0,0.9969240233774224,0
1150928533,1,6,1.791759469228055,76.875,0.6020599913279624,0.3010299956639812,0.5,0.16666666666666666
1150928541,1,141,4.948759890378168,91.07874015748031,2.1072099696478683,0,0.900709219858156,0
1150928549,1,6,1.791759469228055,87.5,0.8450980400142568,0,1,0
1150928551,1,14,2.6390573296152584,87.89285714285714,1.1760912590556813,0,1,0
1150928555,1,234,5.455321115357702,89.02173913043478,1.380211241711606,0,0.09829059829059829,0
1150928563,1,11,2.3978952727983707,32.95454545454545,0.3010299956639812,1.0413926851582251,0.09090909090909091,0.9090909090909091
1150928565,1,28,3.332204510175204,83.05263157894737,1.255272505103306,0.47712125471966244,0.6071428571428571,0.07142857142857142
1150928567,1,4,1.3862943611198906,90,0.6020599913279624,0,0.75,0
1150928569,1,3,1.0986122886681098,82.5,0.3010299956639812,0,0.3333333333333333,0
1150928587,1,21,3.044522437723423,89.55882352941177,1.255272505103306,0,0.8095238095238095,0
1150928589,1,31,3.4339872044851463,88.61111111111111,1.2787536009528289,0,0.5806451612903226,0
1150928593,1,7,1.9459101490553132,90.625,0.6989700043360189,0,0.5714285714285714,0
1150928595,1,1,0,NaN,0,0,0,0
1150928599,1,7,1.9459101490553132,92.14285714285714,0.9030899869919435,0,1,0
1150928603,1,159,5.0689042022202315,87.30973451327434,2.0492180226701815,0.47712125471966244,0.6981132075471698,0.012578616352201259
1150928609,1,48,3.871201010907891,90.97560975609755,1.6232492903979006,0,0.8541666666666666,0
1150928613,1,1,0,100,0.3010299956639812,0,1,0
1150928621,1,28,3.332204510175204,88.75,1.2304489213782739,0,0.5714285714285714,0
1150928635,1,8,2.0794415416798357,69.91666666666667,0.6989700043360189,0.47712125471966244,0.5,0.25
1150928639,1,2,0.6931471805599453,91.25,0.47712125471966244,0,1,0
1150928655,1,19,2.9444389791664403,87.33333333333333,1.255272505103306,0.3010299956639812,0.8947368421052632,0.05263157894736842
1150928659,1,1,0,100,0.3010299956639812,0,1,0
1150928665,1,17,2.833213344056216,83.5,0.47712125471966244,0,0.11764705882352941,0
1150928669,1,33,3.4965075614664802,83.3103448275862,1.4771212547196624,0,0.8787878787878788,0
1150928675,1,18,2.8903717578961645,NaN,0,0,0,0
1150928679,1,128,4.852030263919617,90.38461538461539,2.0718820073061255,0,0.9140625,0
1150928685,1,32,3.4657359027997265,91.875,1.462397997898956,0,0.875,0
1150928695,1,98,4.584967478670572,89.89583333333333,1.9867717342662448,0,0.9795918367346939,0
1150928719,1,147,4.990432586778736,68.3076923076923,2.0253058652647704,1.414973347970818,0.7142857142857143,0.17006802721088435
1150928727,1,67,4.204692619390966,75.92391304347827,1.6020599913279623,0.9030899869919435,0.582089552238806,0.1044776119402985
1150928731,1,8,2.0794415416798357,90,0.9542425094393249,0,1,0
1150928737,1,61,4.110873864173311,87.35714285714286,1.7481880270062005,0.3010299956639812,0.9016393442622951,0.01639344262295082
1150928743,1,22,3.091042453358316,90,1.3010299956639813,0,0.8636363636363636,0
1150928753,1,4,1.3862943611198906,82.5,0.6989700043360189,0,1,0
1150928757,1,66,4.189654742026425,81.9375,1.6532125137753437,0.6989700043360189,0.6666666666666666,0.06060606060606061
1150928761,1,1,0,92.5,0.3010299956639812,0,1,0
1150928765,1,17,2.833213344056216,88.3529411764706,1.2304489213782739,0.3010299956639812,0.9411764705882353,0.058823529411764705
1150928771,1,66,4.189654742026425,90.18939393939394,1.8260748027008264,0,1,0
1150928773,1,1,0,90,0.3010299956639812,0,1,0
1150928781,1,12,2.4849066497880004,90,0.9030899869919435,0,0.5833333333333334,0
1150928785,1,13,2.5649493574615367,86.6923076923077,1.1139433523068367,0.3010299956639812,0.9230769230769231,0.07692307692307693
1150928789,1,106,4.663439094112067,89.35057471264368,1.9294189257142926,0.6020599913279624,0.7924528301886793,0.02830188679245283
1150928791,1,2,0.6931471805599453,100,0.47712125471966244,0,1,0
1150928803,1,1,0,87.5,0.3010299956639812,0,1,0
1150928807,1,246,5.5053315359323625,84.91176470588235,1.8129133566428555,0.6989700043360189,0.2601626016260163,0.016260162601626018
1150928811,1,2,0.6931471805599453,92.5,0.3010299956639812,0,0.5,0
1150928837,1,2,0.6931471805599453,90,0.3010299956639812,0,0.5,0
1150928839,1,10,2.302585092994046,93.125,0.9542425094393249,0,0.8,0
1150928845,1,17,2.833213344056216,85.89285714285714,1.1760912590556813,0,0.8235294117647058,0
1150928855,1,19,2.9444389791664403,88.47222222222223,1.2787536009528289,0,0.9473684210526315,0
1150928857,1,28,3.332204510175204,93.78947368421052,1.3010299956639813,0,0.6785714285714286,0
1150928879,1,620,6.429719478039138,86.22222222222223,2.3541084391474008,0,0.3629032258064516,0
1150928883,1,132,4.882801922586371,93.1734693877551,1.9867717342662448,0.47712125471966244,0.7272727272727273,0.015151515151515152
1150928885,1,2,0.6931471805599453,87.5,0.3010299956639812,0,0.5,0
1150928887,1,15,2.70805020110221,87.67857142857143,1.1760912590556813,0,0.9333333333333333,0
1150928895,1,44,3.784189633918261,77.38095238095238,1.6334684555795864,0,0.9545454545454546,0
1150928913,1,281,5.638354669333745,88.0281124497992,2.387389826338729,0.8450980400142568,0.8647686832740213,0.021352313167259787
1150928917,1,10,2.302585092994046,79.95,0.9542425094393249,0.47712125471966244,0.8,0.2
1150928919,1,73,4.290459441148391,78.23015873015873,1.7558748556724915,0.9030899869919435,0.7671232876712328,0.0958904109589041
1150928923,1,8,2.0794415416798357,90,0.47712125471966244,0,0.25,0
1150928933,1,11,2.3978952727983707,97,1.0413926851582251,0,0.9090909090909091,0
1150928937,1,172,5.147494476813453,89.97260273972603,2.161368002234975,0.47712125471966244,0.8372093023255814,0.011627906976744186
1150928949,1,134,4.897839799950911,83.0576923076923,1.662757831681574,0.9030899869919435,0.3358208955223881,0.05223880597014925
1150928951,1,44,3.784189633918261,89.05,1.4771212547196624,0.3010299956639812,0.6590909090909091,0.022727272727272728
1150928955,1,14,2.6390573296152584,90.1923076923077,1.146128035678238,0,0.9285714285714286,0
1150928961,1,69,4.23410650459726,76.8203125,1.8129133566428555,0,0.927536231884058,0
1150928967,1,18,2.8903717578961645,88.4090909090909,1.0791812460476249,0,0.6111111111111112,0
1150928981,1,15,2.70805020110221,82.76666666666667,1.146128035678238,0.47712125471966244,0.8666666666666667,0.13333333333333333
1150928985,1,5,1.6094379124341003,93.5,0.7781512503836436,0,1,0
1150928989,1,56,4.02535169073515,79.45,1.2304489213782739,0.6989700043360189,0.2857142857142857,0.07142857142857142
1150928999,1,9,2.1972245773362196,80.21428571428571,0.8450980400142568,0.3010299956639812,0.6666666666666666,0.1111111111111111
1150929003,1,19,2.9444389791664403,89.70588235294117,1.255272505103306,0,0.8947368421052632,0
1150929007,1,105,4.653960350157523,78.04166666666667,1.863322860120456,1.1139433523068367,0.6857142857142857,0.11428571428571428
1150929013,1,1218,7.1049654482698426,87.61361737677527,3.076276255404218,0.8450980400142568,0.9778325123152709,0.0049261083743842365
1150929017,1,17,2.833213344056216,90.68181818181819,1.0791812460476249,0,0.6470588235294118,0
1150929025,1,3,1.0986122886681098,88.75,0.47712125471966244,0,0.6666666666666666,0
1150929043,1,18,2.8903717578961645,97.33333333333333,1.255272505103306,0.3010299956639812,0.9444444444444444,0.05555555555555555
1150929045,1,48,3.871201010907891,90,1.6901960800285136,0,1,0
1150929061,1,23,3.1354942159291497,79.60526315789474,1.255272505103306,0.47712125471966244,0.7391304347826086,0.08695652173913043
1150929063,1,565,6.336825731146441,79.11442307692307,2.7151673578484576,0.47712125471966244,0.9168141592920354,0.0035398230088495575
1150929067,1,2,0.6931471805599453,NaN,0,0,0,0
1150929069,1,105,4.653960350157523,90.32236842105263,1.8808135922807914,0.3010299956639812,0.7142857142857143,0.009523809523809525
1150929071,1,41,3.713572066704308,52.976190476190474,0.9030899869919435,1.1760912590556813,0.17073170731707318,0.34146341463414637
1150929073,1,25,3.2188758248682006,90.96,1.380211241711606,0.47712125471966244,0.92,0.08
1150929075,1,1,0,NaN,0,0,0,0
1150929089,1,56,4.02535169073515,93.48484848484848,1.5314789170422551,0,0.5892857142857143,0
1150929097,1,22,3.091042453358316,94.5,1.2041199826559248,0,0.6818181818181818,0
1150929113,1,36,3.58351893845611,88.87931034482759,1.4771212547196624,0,0.8055555555555556,0
1150929127,1,54,3.9889840465642745,79.23076923076923,1.1139433523068367,0.3010299956639812,0.2222222222222222,0.018518518518518517
1150929129,1,104,4.6443908991413725,93.75,0.8450980400142568,0,0.057692307692307696,0
1150929135,1,19,2.9444389791664403,100,0.3010299956639812,0,0.05263157894736842,0
1150929145,1,15,2.70805020110221,89.66666666666667,1.2041199826559248,0,1,0
1150929153,1,47,3.8501476017100584,92.92553191489361,1.6720978579357175,0.3010299956639812,0.9787234042553191,0.02127659574468085
1150929155,1,19,2.9444389791664403,98.4375,1.2304489213782739,0,0.8421052631578947,0
1150929165,1,67,4.204692619390966,90.75714285714285,1.5440680443502757,0.3010299956639812,0.5074626865671642,0.014925373134328358
1150929175,1,132,4.882801922586371,88.27642276422765,2.0863598306747484,0.47712125471966244,0.9166666666666666,0.015151515151515152
1150929179,1,99,4.59511985013459,89.43548387096774,1.9731278535996986,0,0.9393939393939394,0
1150929189,1,21,3.044522437723423,92.04545454545455,1.0791812460476249,0,0.5238095238095238,0
1150929195,1,3,1.0986122886681098,93.33333333333333,0.6020599913279624,0,1,0
1150929203,1,1,0,87.5,0.3010299956639812,0,1,0
1150929223,1,36,3.58351893845611,76.88461538461539,1.414973347970818,0.3010299956639812,0.6944444444444444,0.027777777777777776
1150929237,1,184,5.214935757608986,94.8391812865497,2.2355284469075487,0,0.9293478260869565,0
1150929239,1,22,3.091042453358316,91.57894736842105,1.3010299956639813,0,0.8636363636363636,0
1150929241,1,3,1.0986122886681098,76.5,0.6020599913279624,0,1,0
1150929249,1,358,5.8805329864007,87.57120253164557,2.5010592622177517,0,0.88268156424581,0
1150929251,1,58,4.060443010546419,77.45,1.7075701760979363,0,0.8620689655172413,0
1150929271,1,2,0.6931471805599453,90,0.47712125471966244,0,1,0
1150929273,1,1,0,90,0.3010299956639812,0,1,0
1150929277,1,2,0.6931471805599453,95,0.47712125471966244,0,1,0
1150929297,1,7,1.9459101490553132,66.71428571428571,0.7781512503836436,0.47712125471966244,0.7142857142857143,0.2857142857142857
1150929311,1,280,5.634789603169249,87.3340909090909,2.3283796034387376,0.9542425094393249,0.7571428571428571,0.02857142857142857
1150929313,1,62,4.127134385045092,91.86274509803921,1.7160033436347992,0,0.8225806451612904,0
1150929317,1,47,3.8501476017100584,80.72727272727273,1.3424226808222062,0.3010299956639812,0.44680851063829785,0.02127659574468085
1150929319,1,17,2.833213344056216,87.79411764705883,1.255272505103306,0,1,0
1150929321,1,9,2.1972245773362196,87.5,0.6989700043360189,0,0.4444444444444444,0
1150929331,1,52,3.9512437185814275,78.47674418604652,1.6434526764861874,0,0.8269230769230769,0
1150929337,1,16,2.772588722239781,94.16666666666667,0.8450980400142568,0,0.375,0
1150929345,1,4,1.3862943611198906,92.5,0.6020599913279624,0,0.75,0
1150929355,1,21,3.044522437723423,83.0625,1.2041199826559248,0.3010299956639812,0.7142857142857143,0.047619047619047616
1150929359,1,57,4.04305126783455,90,0.6020599913279624,0,0.05263157894736842,0
1150929361,1,21,3.044522437723423,91,0.7781512503836436,0,0.23809523809523808,0
1150929369,1,20,2.995732273553991,93.76470588235294,1.255272505103306,0,0.85,0
1150929371,1,3,1.0986122886681098,91.25,0.47712125471966244,0,0.6666666666666666,0
1150929373,1,4,1.3862943611198906,85,0.6989700043360189,0,1,0
1150929375,1,150,5.0106352940962555,90.05985915492958,2.155336037465062,0,0.9466666666666667,0
1150929377,1,6,1.791759469228055,97.5,0.47712125471966244,0,0.3333333333333333,0
1150929381,1,3,1.0986122886681098,96.66666666666667,0.6020599913279624,0,1,0
1150929389,1,14,2.6390573296152584,90,1.0413926851582251,0,0.7142857142857143,0
1150929403,1,2,0.6931471805599453,75,0.47712125471966244,0,1,0
1150929411,1,61,4.110873864173311,71.38571428571429,1.4771212547196624,0.8450980400142568,0.47540983606557374,0.09836065573770492
1150929413,1,11,2.3978952727983707,87.5,1,0,0.8181818181818182,0
1150929415,1,29,3.367295829986474,87.73214285714286,1.4313637641589874,0.47712125471966244,0.896551724137931,0.06896551724137931
1150929417,1,25,3.2188758248682006,93.54166666666667,1.1139433523068367,0,0.48,0
1150929419,1,88,4.477336814478207,84.57058823529412,1.9138138523837167,0.6989700043360189,0.9204545454545454,0.045454545454545456
1150929425,1,13,2.5649493574615367,90.5,0.7781512503836436,0,0.38461538461538464,0
1150929431,1,18,2.8903717578961645,88.75,1.2787536009528289,0,1,0
1150929439,1,27,3.295836866004329,91.75,1.0413926851582251,0,0.37037037037037035,0
1150929445,1,2,0.6931471805599453,78.5,0.47712125471966244,0,1,0
1150929451,1,5,1.6094379124341003,100,0.3010299956639812,0,0.2,0
1150929455,1,9,2.1972245773362196,88.33333333333333,1,0,1,0
1150929463,1,5,1.6094379124341003,68.125,0.6020599913279624,0.3010299956639812,0.6,0.2
1150929469,1,54,3.9889840465642745,71.325,1.1139433523068367,0.9542425094393249,0.2222222222222222,0.14814814814814814
1150929485,1,90,4.499809670330265,81.77439024390245,1.7781512503836436,1.380211241711606,0.6555555555555556,0.25555555555555554
1150929487,1,1482,7.301147805856032,91.0672191528545,2.734799829588847,0.3010299956639812,0.3657219973009447,6.747638326585695e-4
1150929493,1,80,4.382026634673881,88.8125,1.380211241711606,0.3010299956639812,0.2875,0.0125
1150929509,1,58,4.060443010546419,94.0625,1.6901960800285136,0,0.8275862068965517,0
1150929515,1,140,4.941642422609304,91.28504672897196,2.03342375548695,0,0.7642857142857142,0
1150929525,1,25,3.2188758248682006,82.375,1.380211241711606,0.3010299956639812,0.92,0.04
1150929531,1,10,2.302585092994046,58.75,0.47712125471966244,0.9542425094393249,0.2,0.8
1150929535,1,2,0.6931471805599453,90,0.3010299956639812,0,0.5,0
1150929537,1,56,4.02535169073515,90.15,1.7075701760979363,0,0.8928571428571429,0
1150929541,1,42,3.7376696182833684,90.88235294117646,1.255272505103306,0,0.40476190476190477,0
1150929559,1,2,0.6931471805599453,56,0.3010299956639812,0.3010299956639812,0.5,0.5
1150929575,1,13,2.5649493574615367,87.5,0.6020599913279624,0,0.23076923076923078,0
1150929577,1,20,2.995732273553991,85.4375,0.9542425094393249,0,0.4,0
1150929619,1,119,4.77912349311153,79.96842105263158,1.8920946026904804,1.2787536009528289,0.6470588235294118,0.15126050420168066
1150929651,1,6,1.791759469228055,81.25,0.47712125471966244,0,0.3333333333333333,0
1150929653,1,7,1.9459101490553132,94,0.7781512503836436,0,0.7142857142857143,0
1150929665,1,145,4.976733742420574,83.08333333333333,1.0791812460476249,0.3010299956639812,0.07586206896551724,0.006896551724137931
1150929681,1,22,3.091042453358316,90,1.1139433523068367,0,0.5454545454545454,0
1150929685,1,2,0.6931471805599453,100,0.47712125471966244,0,1,0
1150929689,1,56,4.02535169073515,61.96739130434783,1.6232492903979006,0.7781512503836436,0.7321428571428571,0.08928571428571429
1150929731,1,2,0.6931471805599453,97.5,0.47712125471966244,0,1,0
1150929733,1,33,3.4965075614664802,95.859375,1.5185139398778875,0,0.9696969696969697,0
1150929735,1,7,1.9459101490553132,94.21428571428571,0.9030899869919435,0,1,0
1150929745,1,10,2.302585092994046,91.25,0.9542425094393249,0,0.8,0
1150929763,1,30,3.4011973816621555,88.375,1.3222192947339193,0,0.6666666666666666,0
1150929769,1,3,1.0986122886681098,85,0.47712125471966244,0,0.6666666666666666,0
1150929775,1,6,1.791759469228055,87.5,0.8450980400142568,0,1,0
1150929779,1,4,1.3862943611198906,73.33333333333333,0.47712125471966244,0.3010299956639812,0.5,0.25
1150929781,1,3,1.0986122886681098,78.75,0.47712125471966244,0,0.6666666666666666,0
1150929785,1,169,5.1298987149230735,96.875,0.6989700043360189,0,0.023668639053254437,0
1150929799,1,4,1.3862943611198906,70,0.6020599913279624,0,0.75,0
1150929837,1,86,4.454347296253507,92.82716049382717,1.9084850188786497,0.3010299956639812,0.9302325581395349,0.011627906976744186
1151615859,1,73,4.290459441148391,93.75,0.47712125471966244,0,0.0273972602739726,0
1151615863,1,279,5.631211781821365,94.51515151515152,2.4183012913197452,0.6020599913279624,0.9354838709677419,0.010752688172043012
1151615867,1,13,2.5649493574615367,93.61111111111111,1,0,0.6923076923076923,0
1151615873,1,182,5.204006687076795,88.86046511627907,1.6434526764861874,0,0.23626373626373626,0
1151615875,1,29,3.367295829986474,95.625,0.6989700043360189,0,0.13793103448275862,0
1151615881,1,30,3.4011973816621555,92.03125,1.2304489213782739,0,0.5333333333333333,0
1151615893,1,9,2.1972245773362196,100,0.47712125471966244,0,0.2222222222222222,0
1151615897,1,69,4.23410650459726,89.35593220338983,1.7708520116421442,0.3010299956639812,0.8405797101449275,0.014492753623188406
1151615901,1,1,0,100,0.3010299956639812,0,1,0
1151615903,1,14,2.6390573296152584,87.5,0.6020599913279624,0,0.21428571428571427,0
1151615915,1,1,0,90,0.3010299956639812,0,1,0
1151615917,1,20,2.995732273553991,64.27777777777777,1.1139433523068367,0.8450980400142568,0.6,0.3
1151615921,1,1,0,100,0.3010299956639812,0,1,0
1151615933,1,97,4.574710978503383,87.5,0.6989700043360189,0,0.041237113402061855,0
1151615935,1,2,0.6931471805599453,NaN,0,0,0,0
1151615939,1,7,1.9459101490553132,91,0.7781512503836436,0,0.7142857142857143,0
1151615947,1,176,5.170483995038151,74.5578231292517,2.0791812460476247,1.462397997898956,0.6761363636363636,0.1590909090909091
1151615949,1,368,5.908082938168931,90.31008902077151,2.5276299008713385,0.3010299956639812,0.9130434782608695,0.002717391304347826
1151615951,1,448,6.104793232414985,83.64267676767676,2.595496221825574,0.6020599913279624,0.8772321428571429,0.006696428571428571
1151615955,1,2,0.6931471805599453,NaN,0,0,0,0
1151615985,1,17,2.833213344056216,96.42857142857143,1.1760912590556813,0,0.8235294117647058,0
1151615993,1,520,6.253828811575473,78.27083333333333,2.1789769472931693,1.2787536009528289,0.28846153846153844,0.03461538461538462
1151615997,1,12,2.4849066497880004,78.75,0.9030899869919435,0.3010299956639812,0.5833333333333334,0.08333333333333333
1151616009,1,1,0,100,0.3010299956639812,0,1,0
1151616011,1,35,3.5553480614894135,87.0909090909091,1.5314789170422551,0,0.9428571428571428,0
1151616019,1,13,2.5649493574615367,92.88461538461539,1.146128035678238,0,1,0
1151616023,1,90,4.499809670330265,93.71794871794872,1.8920946026904804,0.3010299956639812,0.8555555555555555,0.011111111111111112
1151616025,1,102,4.624972813284271,89.66145833333333,1.9867717342662448,0,0.9411764705882353,0
1151616041,1,8,2.0794415416798357,74.64285714285714,0.8450980400142568,0.3010299956639812,0.75,0.125
1151616061,1,6,1.791759469228055,80.9,0.7781512503836436,0,0.8333333333333334,0
1151616063,1,13,2.5649493574615367,87.95454545454545,1.0791812460476249,0,0.8461538461538461,0
1151616065,1,42,3.7376696182833684,83.28260869565217,1.3010299956639813,0.6989700043360189,0.4523809523809524,0.09523809523809523
1151616073,1,2,0.6931471805599453,90,0.47712125471966244,0,1,0
1151616083,1,8,2.0794415416798357,91.66666666666667,0.6020599913279624,0,0.375,0
1151616091,1,34,3.5263605246161616,85.22222222222223,1.3979400086720377,0.6020599913279624,0.7058823529411765,0.08823529411764706
1151616099,1,315,5.752572638825633,90.38380281690141,2.4533183400470375,0.3010299956639812,0.8984126984126984,0.0031746031746031746
1151616105,1,2,0.6931471805599453,87.5,0.47712125471966244,0,1,0
1151616107,1,22,3.091042453358316,89.58333333333333,1.1139433523068367,0,0.5454545454545454,0
1151616109,1,2,0.6931471805599453,87.5,0.47712125471966244,0,1,0
1151616111,1,90,4.499809670330265,61.9375,1.4913616938342726,1.2787536009528289,0.3333333333333333,0.2
1151616113,1,4,1.3862943611198906,93.75,0.6989700043360189,0,1,0
1151616125,1,48,3.871201010907891,87.44318181818181,1.6434526764861874,0.3010299956639812,0.8958333333333334,0.020833333333333332
1151616131,1,70,4.248495242049359,87.55555555555556,1.7323937598229686,0.3010299956639812,0.7571428571428571,0.014285714285714285
1151616145,1,42,3.7376696182833684,75.3,1.2787536009528289,0.47712125471966244,0.42857142857142855,0.047619047619047616
1151616155,1,1,0,100,0.3010299956639812,0,1,0
1151616159,1,5,1.6094379124341003,90,0.6020599913279624,0,0.6,0
1151616165,1,54,3.9889840465642745,70.1086956521739,1.2304489213782739,0.9030899869919435,0.2962962962962963,0.12962962962962962
1151616169,1,40,3.6888794541139363,90.21739130434783,1.380211241711606,0,0.575,0
1151616171,1,60,4.0943445622221,83.75,0.9030899869919435,0.3010299956639812,0.11666666666666667,0.016666666666666666
1151616177,1,7,1.9459101490553132,99,0.7781512503836436,0,0.7142857142857143,0
1151616189,1,33,3.4965075614664802,84.66666666666667,1.3979400086720377,0.8450980400142568,0.7272727272727273,0.18181818181818182
1151616197,1,180,5.19295685089021,91.00308641975309,2.1958996524092336,0.8450980400142568,0.8666666666666667,0.03333333333333333
1151616207,1,20,2.995732273553991,65.5,1,0.7781512503836436,0.45,0.25
1151616219,1,81,4.394449154672439,89.5592105263158,1.8750612633917,0.47712125471966244,0.9135802469135802,0.024691358024691357
1151616221,1,22,3.091042453358316,94.54545454545455,1.3617278360175928,0,1,0
1151616227,1,17,2.833213344056216,77.61111111111111,0.8450980400142568,0.6020599913279624,0.35294117647058826,0.17647058823529413
1151616229,1,8,2.0794415416798357,96.66666666666667,0.8450980400142568,0,0.75,0
1151616245,1,51,3.9318256327243257,86.25,1.505149978319906,0.7781512503836436,0.6078431372549019,0.09803921568627451
1151616249,1,226,5.420534999272286,94.05699481865285,2.2810333672477277,0.6020599913279624,0.8407079646017699,0.01327433628318584
1151616253,1,19,2.9444389791664403,94.28571428571429,0.9030899869919435,0,0.3684210526315789,0
1151616255,1,32,3.4657359027997265,87.22727272727273,1.0791812460476249,0,0.34375,0
1151616261,1,211,5.351858133476067,91.12585034013605,2.167317334748176,0.3010299956639812,0.6919431279620853,0.004739336492890996
1151616267,1,57,4.04305126783455,84.12820512820512,1.568201724066995,0.6020599913279624,0.631578947368421,0.05263157894736842
1151616283,1,1,0,90,0.3010299956639812,0,1,0
1151616285,1,27,3.295836866004329,84.375,0.9542425094393249,0,0.2962962962962963,0
1151616287,1,3,1.0986122886681098,89.16666666666667,0.6020599913279624,0,1,0
1151616291,1,2,0.6931471805599453,88.75,0.47712125471966244,0,1,0
1151616293,1,13,2.5649493574615367,87.5,1.1139433523068367,0,0.9230769230769231,0
1151616295,1,38,3.6375861597263857,83.25,1.3010299956639813,0.6020599913279624,0.5,0.07894736842105263
1151616307,1,92,4.5217885770490405,89.88271604938272,1.8976270912904414,0.6020599913279624,0.8478260869565217,0.03260869565217391
1151616313,1,10,2.302585092994046,93.125,0.6989700043360189,0,0.4,0
1151616321,1,15,2.70805020110221,91.38888888888889,1,0,0.6,0
1151616327,1,1,0,NaN,0,0,0,0
1151616333,1,255,5.541263545158426,98.69,2.399673721481038,0,0.9803921568627451,0
1151616335,1,7,1.9459101490553132,90,0.9030899869919435,0,1,0
1151616349,1,76,4.330733340286331,89.96666666666667,1.8808135922807914,0,0.9868421052631579,0
1151616351,1,52,3.9512437185814275,90,0.9030899869919435,0,0.1346153846153846,0
1151616361,1,34,3.5263605246161616,92.03125,1.5185139398778875,0,0.9411764705882353,0
1151616367,1,5,1.6094379124341003,90,0.7781512503836436,0,1,0
1151616373,1,42,3.7376696182833684,96.875,1.5185139398778875,0,0.7619047619047619,0
1151616387,1,23,3.1354942159291497,89.58333333333333,1.2787536009528289,0,0.782608695652174,0
1151616391,1,6,1.791759469228055,91.5,0.7781512503836436,0,0.8333333333333334,0
1151616409,1,216,5.375278407684165,93.51453488372093,2.230448921378274,0.6020599913279624,0.7824074074074074,0.013888888888888888
1151616421,1,109,4.6913478822291435,92.59677419354838,1.968482948553935,0.3010299956639812,0.8440366972477065,0.009174311926605505
1151616425,1,58,4.060443010546419,95.94871794871794,1.6020599913279623,0,0.6724137931034483,0
1151616431,1,11,2.3978952727983707,93.05555555555556,1,0,0.8181818181818182,0
1151616433,1,304,5.717027701406222,87.53521126760563,2.44870631990508,0.6989700043360189,0.9210526315789473,0.013157894736842105
1151616435,1,1,0,87.5,0.3010299956639812,0,1,0
1151616459,1,214,5.365976015021851,87.61794871794872,2.2624510897304293,1.146128035678238,0.8504672897196262,0.06074766355140187
1151616461,1,13,2.5649493574615367,90.68181818181819,1.0791812460476249,0,0.8461538461538461,0
1151616463,1,14,2.6390573296152584,46.1875,0.47712125471966244,0.8450980400142568,0.14285714285714285,0.42857142857142855
1151616475,1,14,2.6390573296152584,68.88888888888889,0.9030899869919435,0.47712125471966244,0.5,0.14285714285714285
1151616481,1,2,0.6931471805599453,88.75,0.47712125471966244,0,1,0
1151616497,1,4,1.3862943611198906,97.5,0.47712125471966244,0,0.5,0
1151616501,1,36,3.58351893845611,88.97058823529412,1.5440680443502757,0,0.9444444444444444,0
1151616523,1,4,1.3862943611198906,91.875,0.6989700043360189,0,1,0
1151616525,1,2,0.6931471805599453,NaN,0,0,0,0
1151616529,1,1,0,62.5,0.3010299956639812,0,1,0
1151616535,1,4,1.3862943611198906,87.5,0.6020599913279624,0,0.75,0
1151616541,1,3,1.0986122886681098,NaN,0,0,0,0
1151616561,1,13,2.5649493574615367,90,0.9542425094393249,0,0.6153846153846154,0
1151616563,1,30,3.4011973816621555,89.1304347826087,1.380211241711606,0,0.7666666666666667,0
1151616613,1,5,1.6094379124341003,83.5,0.7781512503836436,0,1,0
1151616623,1,455,6.12029741895095,87.51574803149606,2.100370545117563,0.47712125471966244,0.27472527472527475,0.004395604395604396
1151616627,1,2,0.6931471805599453,87.5,0.47712125471966244,0,1,0
1151616643,1,4,1.3862943611198906,93.75,0.6989700043360189,0,1,0
1151616645,1,5,1.6094379124341003,82.5,0.7781512503836436,0,1,0
1151616649,1,13,2.5649493574615367,NaN,0,0,0,0
1151616657,1,23,3.1354942159291497,86.76190476190476,1.3222192947339193,0.3010299956639812,0.8695652173913043,0.043478260869565216
1151616667,1,9,2.1972245773362196,99.44444444444444,1,0,1,0
1151616673,1,1,0,87.5,0.3010299956639812,0,1,0
1151616681,1,4,1.3862943611198906,NaN,0,0,0,0
1151616701,1,54,3.9889840465642745,88.60576923076923,1.724275869600789,0,0.9629629629629629,0
1151616709,1,16,2.772588722239781,85.75,1.0413926851582251,0,0.625,0
1151616717,1,82,4.406719247264253,88.65384615384616,1.6020599913279623,0,0.47560975609756095,0
1151616721,1,4,1.3862943611198906,87.5,0.6989700043360189,0,1,0
1151616737,1,5,1.6094379124341003,87.5,0.3010299956639812,0,0.2,0
1151616757,1,8,2.0794415416798357,87.5,0.9030899869919435,0,0.875,0
1151616761,1,8,2.0794415416798357,94.375,0.6989700043360189,0,0.5,0
1151616763,1,13,2.5649493574615367,88.84615384615384,1.1139433523068367,0.3010299956639812,0.9230769230769231,0.07692307692307693
1151616779,1,33,3.4965075614664802,90.07575757575758,1.5314789170422551,0,1,0
1151616787,1,51,3.9318256327243257,87,1.1760912590556813,0.3010299956639812,0.27450980392156865,0.0196078431372549
1151616799,1,7,1.9459101490553132,NaN,0,0,0,0
1151616809,1,3,1.0986122886681098,75,0.47712125471966244,0,0.6666666666666666,0
1151616811,1,81,4.394449154672439,87.43243243243244,1.8750612633917,0,0.9135802469135802,0
1151616821,1,9,2.1972245773362196,85.22222222222223,0.9542425094393249,0.3010299956639812,0.8888888888888888,0.1111111111111111
1151616825,1,30,3.4011973816621555,92.22222222222223,1.2787536009528289,0,0.6,0
1151616837,1,30,3.4011973816621555,96.47727272727273,1.3617278360175928,0,0.7333333333333333,0
1151616843,1,96,4.564348191467836,70.96153846153847,1.7781512503836436,1.3010299956639813,0.6145833333333334,0.19791666666666666
1151616849,1,11,2.3978952727983707,83.75,0.6989700043360189,0,0.36363636363636365,0
1151616861,1,36,3.58351893845611,87.8,1.4913616938342726,0,0.8333333333333334,0
1151616873,1,28,3.332204510175204,89.33333333333333,1.2041199826559248,0,0.5357142857142857,0
1151616875,1,12,2.4849066497880004,NaN,0,0,0,0
1151616899,1,1,0,87.5,0.3010299956639812,0,1,0
1151616913,1,2,0.6931471805599453,90,0.47712125471966244,0,1,0
1151616919,1,38,3.6375861597263857,79.97368421052632,1.2787536009528289,0.3010299956639812,0.47368421052631576,0.02631578947368421
1151616939,1,32,3.4657359027997265,37.85,0.3010299956639812,1.3010299956639813,0.03125,0.59375
1151616947,1,24,3.1780538303479458,91.66666666666667,1.3979400086720377,0,1,0
1151616973,1,10,2.302585092994046,92.5,0.9542425094393249,0,0.8,0
1151616977,1,103,4.634728988229636,92.72093023255815,1.6334684555795864,0.3010299956639812,0.4077669902912621,0.009708737864077669
1151616983,1,37,3.6109179126442243,89.8913043478261,1.380211241711606,0,0.6216216216216216,0
1151616987,1,68,4.219507705176107,90.7741935483871,1.7853298350107671,0.47712125471966244,0.8823529411764706,0.029411764705882353
1151616993,1,8,2.0794415416798357,82.5,0.3010299956639812,0,0.125,0
1151616997,1,62,4.127134385045092,98.22033898305085,1.7781512503836436,0,0.9516129032258065,0
1151617001,1,3,1.0986122886681098,82.5,0.47712125471966244,0,0.6666666666666666,0
1151617011,1,47,3.8501476017100584,91.83333333333333,1.4913616938342726,0,0.6382978723404256,0
1151617017,1,45,3.8066624897703196,90.375,1.6127838567197355,0,0.8888888888888888,0
1151617021,1,10,2.302585092994046,83.22222222222223,0.9542425094393249,0.3010299956639812,0.8,0.1
1151617023,1,10,2.302585092994046,93.33333333333333,1,0,0.9,0
1151617025,1,15,2.70805020110221,89.28571428571429,0.9030899869919435,0,0.4666666666666667,0
1151617031,1,15,2.70805020110221,91.53846153846153,1.146128035678238,0,0.8666666666666667,0
1151617039,1,70,4.248495242049359,72.55,1.8512583487190752,0,1,0
1151617043,1,97,4.574710978503383,78.64893617021276,1.6232492903979006,0.8450980400142568,0.422680412371134,0.061855670103092786
1151617049,1,209,5.342334251964811,89.43627450980392,2.3096301674258988,0.3010299956639812,0.9712918660287081,0.004784688995215311
1151617053,1,969,6.876264611890766,88.5539979231568,2.984077033902831,0,0.9938080495356038,0
1151617055,1,1,0,NaN,0,0,0,0
1151617079,1,7,1.9459101490553132,89,0.7781512503836436,0,0.7142857142857143,0
1151617095,1,16,2.772588722239781,89.31818181818181,1.0791812460476249,0,0.6875,0
1151617113,1,69,4.23410650459726,91.02459016393442,1.792391689498254,0,0.8840579710144928,0
1151617115,1,36,3.58351893845611,90.57142857142857,1.5563025007672873,0,0.9722222222222222,0
1151617117,1,3,1.0986122886681098,87.5,0.6020599913279624,0,1,0
1151617119,1,4,1.3862943611198906,95,0.6989700043360189,0,1,0
1151617127,1,15,2.70805020110221,84.94444444444444,0.9542425094393249,0.3010299956639812,0.5333333333333333,0.06666666666666667
1151617139,1,4,1.3862943611198906,88.75,0.6989700043360189,0,1,0
1151617151,1,33,3.4965075614664802,89.046875,1.505149978319906,0.3010299956639812,0.9393939393939394,0.030303030303030304
1151617163,1,3,1.0986122886681098,88.75,0.47712125471966244,0,0.6666666666666666,0
1151617185,1,54,3.9889840465642745,84.21052631578948,1.3010299956639813,0,0.35185185185185186,0
1151617187,1,2,0.6931471805599453,52.5,0.3010299956639812,0.3010299956639812,0.5,0.5
1151617209,1,127,4.844187086458591,88.09375,1.9084850188786497,0,0.6299212598425197,0
1151617213,1,11,2.3978952727983707,91.66666666666667,0.6020599913279624,0,0.2727272727272727,0
1151617221,1,2,0.6931471805599453,87.5,0.3010299956639812,0,0.5,0
1151617223,1,18,2.8903717578961645,91.40625,1.2304489213782739,0,0.8888888888888888,0
1151617227,1,2,0.6931471805599453,87.5,0.47712125471966244,0,1,0
1151617229,1,80,4.382026634673881,73.48484848484848,1.5314789170422551,0,0.4125,0
1151617245,1,31,3.4339872044851463,94.79166666666667,1.3979400086720377,0,0.7741935483870968,0
1151617255,1,8,2.0794415416798357,94.58333333333333,0.8450980400142568,0,0.75,0
1151617257,1,12,2.4849066497880004,96.45833333333333,1.1139433523068367,0,1,0
1151617269,1,116,4.7535901911063645,93.03614457831326,1.919078092376074,0.3010299956639812,0.7068965517241379,0.008620689655172414
1151617307,1,32,3.4657359027997265,NaN,0,0,0,0
1151617317,1,42,3.7376696182833684,97.04545454545455,1.0791812460476249,0,0.2619047619047619,0
1151617319,1,44,3.784189633918261,94.21052631578948,1.3010299956639813,0,0.4318181818181818,0
1151617323,1,1,0,100,0.3010299956639812,0,1,0
1151617327,1,61,4.110873864173311,84.0701754385965,1.7403626894942439,0.6020599913279624,0.8852459016393442,0.04918032786885246
1151617329,1,33,3.4965075614664802,97.27272727272727,1.0791812460476249,0,0.3333333333333333,0
1151617339,1,29,3.367295829986474,88.01785714285714,1.462397997898956,0,0.9655172413793104,0
1151617345,1,296,5.69035945432406,92.224,2.0827853703164503,0.7781512503836436,0.40540540540540543,0.016891891891891893
1151617355,1,21,3.044522437723423,86.42105263157895,1.2787536009528289,0.3010299956639812,0.8571428571428571,0.047619047619047616
1151617361,1,31,3.4339872044851463,89.91379310344827,1.4771212547196624,0,0.9354838709677419,0
1151617363,1,188,5.236441962829949,93.94736842105263,1.591064607026499,0,0.20212765957446807,0
1151617383,1,24,3.1780538303479458,90,1.380211241711606,0,0.9583333333333334,0
1151617401,1,46,3.828641396489095,93.47222222222223,1.568201724066995,0,0.782608695652174,0
1151617413,1,2,0.6931471805599453,NaN,0,0,0,0
1151617423,1,63,4.143134726391533,91.46,1.3979400086720377,0.3010299956639812,0.38095238095238093,0.015873015873015872
1151617427,1,229,5.43372200355424,96.92028985507247,2.1398790864012365,0.3010299956639812,0.5982532751091703,0.004366812227074236
1151617443,1,5,1.6094379124341003,88.125,0.6989700043360189,0,0.8,0
1151617465,1,3,1.0986122886681098,75,0.3010299956639812,0,0.3333333333333333,0
1151617467,1,5,1.6094379124341003,96.5,0.7781512503836436,0,1,0
1151617469,1,27,3.295836866004329,90.625,0.6989700043360189,0,0.14814814814814814,0
1151617509,1,7,1.9459101490553132,89.64285714285714,0.9030899869919435,0,1,0
1151617521,1,9,2.1972245773362196,87.5,0.47712125471966244,0,0.2222222222222222,0
1151617537,1,6,1.791759469228055,100,0.47712125471966244,0,0.3333333333333333,0
1151617543,1,57,4.04305126783455,87.74193548387096,1.505149978319906,0,0.543859649122807,0
1151617563,1,2,0.6931471805599453,87.5,0.47712125471966244,0,1,0
1151617577,1,47,3.8501476017100584,93.41463414634147,1.6232492903979006,0,0.8723404255319149,0
1151617579,1,13,2.5649493574615367,91.81818181818181,1.0791812460476249,0,0.8461538461538461,0
1151617581,1,42,3.7376696182833684,92.38888888888889,1.4313637641589874,0.3010299956639812,0.6190476190476191,0.023809523809523808
1151617595,1,12,2.4849066497880004,90,1.1139433523068367,0,1,0
1151617609,1,19,2.9444389791664403,88.1,1.2041199826559248,0,0.7894736842105263,0
1151617613,1,52,3.9512437185814275,87.36,1.380211241711606,0.47712125471966244,0.4423076923076923,0.038461538461538464
1151617621,1,3,1.0986122886681098,100,0.6020599913279624,0,1,0
1151617639,1,151,5.017279836814924,97.34353741496598,2.1702617153949575,0,0.9735099337748344,0
1151617641,1,565,6.336825731146441,90.35326086956522,2.7427251313046983,0,0.9769911504424779,0
1151617645,1,50,3.912023005428146,87.3953488372093,1.6127838567197355,0.6020599913279624,0.8,0.06
1151617661,1,21,3.044522437723423,90.92105263157895,1.3010299956639813,0,0.9047619047619048,0
1151617665,1,139,4.9344739331306915,90.53846153846153,2.1172712956557644,0,0.935251798561151,0
1151617669,1,2,0.6931471805599453,NaN,0,0,0,0
1151617673,1,5,1.6094379124341003,86,0.7781512503836436,0,1,0
1151617681,1,4,1.3862943611198906,42,0,0.47712125471966244,0,0.5
1151617697,1,26,3.258096538021482,90,1.380211241711606,0,0.8846153846153846,0
1151617707,1,62,4.127134385045092,85.0677966101695,1.7075701760979363,1,0.8064516129032258,0.14516129032258066
1151617745,1,3,1.0986122886681098,69.83333333333333,0.47712125471966244,0.3010299956639812,0.6666666666666666,0.3333333333333333
1151617755,1,26,3.258096538021482,82.42857142857143,0.8450980400142568,0.3010299956639812,0.23076923076923078,0.038461538461538464
1151617757,1,116,4.7535901911063645,100,0.3010299956639812,0,0.008620689655172414,0
1151617761,1,10,2.302585092994046,45,0.3010299956639812,0.6989700043360189,0.1,0.4
1151617769,1,2,0.6931471805599453,85,0.47712125471966244,0,1,0
1151617775,1,41,3.713572066704308,91.36363636363636,1.0791812460476249,0,0.2682926829268293,0
1151617785,1,4,1.3862943611198906,66.33333333333333,0.3010299956639812,0.47712125471966244,0.25,0.5
1151617789,1,127,4.844187086458591,93.63541666666667,1.9822712330395684,0.3010299956639812,0.7480314960629921,0.007874015748031496
1151617831,1,1,0,87.5,0.3010299956639812,0,1,0
1151617835,1,18,2.8903717578961645,92.1875,1.2304489213782739,0,0.8888888888888888,0
1151617837,1,2,0.6931471805599453,95,0.3010299956639812,0,0.5,0
1151617841,1,7,1.9459101490553132,NaN,0,0,0,0
1151617843,1,37,3.6109179126442243,94,0.7781512503836436,0,0.13513513513513514,0
1151617855,1,28,3.332204510175204,87.7,1.414973347970818,0,0.8928571428571429,0
1151617867,1,89,4.48863636973214,96.42857142857143,1.5563025007672873,0,0.39325842696629215,0
1151617871,1,6,1.791759469228055,95,0.8450980400142568,0,1,0
1151617891,1,11,2.3978952727983707,91.5909090909091,1.0791812460476249,0,1,0
1151617895,1,30,3.4011973816621555,100,0.9030899869919435,0,0.23333333333333334,0
1151617931,1,5,1.6094379124341003,84.83333333333333,0.6020599913279624,0,0.6,0
1151617937,1,39,3.6635616461296463,96.35135135135135,1.5797835966168101,0,0.9487179487179487,0
1151617939,1,8,2.0794415416798357,94.64285714285714,0.9030899869919435,0,0.875,0
1151617941,1,27,3.295836866004329,96.11111111111111,1.2787536009528289,0,0.6666666666666666,0
1151617943,1,9,2.1972245773362196,90,0.9030899869919435,0,0.7777777777777778,0
1151617945,1,88,4.477336814478207,93.64754098360656,1.792391689498254,0,0.6931818181818182,0
1151617949,1,18,2.8903717578961645,89.375,0.9542425094393249,0,0.4444444444444444,0
1151617955,1,43,3.7612001156935624,89.25,1.6127838567197355,0,0.9302325581395349,0
1151617959,1,93,4.532599493153256,76.06896551724138,1.9444826721501687,0,0.9354838709677419,0
1151617961,1,151,5.017279836814924,86.92748091603053,2.0969100130080562,0.9030899869919435,0.8211920529801324,0.046357615894039736
1151617965,1,569,6.343880434126331,88.80095238095238,2.7015679850559273,1.380211241711606,0.8822495606326889,0.040421792618629174
1151617981,1,219,5.389071729816501,94.08536585365853,1.6232492903979006,0,0.1872146118721461,0
1151617985,1,3,1.0986122886681098,91.25,0.47712125471966244,0,0.6666666666666666,0
1151617989,1,3,1.0986122886681098,52,0,0.47712125471966244,0,0.6666666666666666
1151617995,1,25,3.2188758248682006,86.29166666666667,1.3617278360175928,0.47712125471966244,0.88,0.08
1151617999,1,5,1.6094379124341003,96,0.7781512503836436,0,1,0
1151618007,1,74,4.30406509320417,87.3943661971831,1.8573324964312685,0,0.9594594594594594,0
1151618009,1,4,1.3862943611198906,90.83333333333333,0.6020599913279624,0,0.75,0
1151618023,1,103,4.634728988229636,93.33333333333333,1,0,0.08737864077669903,0
1151618031,1,3337,8.112827478751374,88.43845917740946,3.513084360465144,0,0.9763260413545101,0
1151618033,1,6,1.791759469228055,100,0.7781512503836436,0,0.8333333333333334,0
1151618045,1,10,2.302585092994046,98.75,1.0413926851582251,0,1,0
1151618081,1,7,1.9459101490553132,86.16666666666667,0.7781512503836436,0.3010299956639812,0.7142857142857143,0.14285714285714285
1151618103,1,560,6.327936783729195,94.21764705882353,2.6263403673750423,0.6020599913279624,0.7535714285714286,0.005357142857142857
1151618107,1,15,2.70805020110221,89.83333333333333,1.2041199826559248,0,1,0
1151618115,1,275,5.616771097666572,90.98484848484848,1.5314789170422551,0,0.12,0
1151618121,1,41,3.713572066704308,94.10714285714286,1.1760912590556813,0,0.34146341463414637,0
1151618129,1,75,4.31748811353631,93.98,1.414973347970818,0,0.3333333333333333,0
1151618131,1,118,4.770684624465665,35.224137931034484,1.2304489213782739,1.6334684555795864,0.13559322033898305,0.3559322033898305
1151618135,1,17,2.833213344056216,NaN,0,0,0,0
1151618137,1,18,2.8903717578961645,96.11111111111111,1,0,0.5,0
1151618143,1,2,0.6931471805599453,75,0.3010299956639812,0,0.5,0
1151618145,1,9,2.1972245773362196,87.5,1,0,1,0
1151618147,1,4,1.3862943611198906,81.25,0.47712125471966244,0,0.5,0
1151618157,1,35,3.5553480614894135,90,0.47712125471966244,0,0.05714285714285714,0
1151618171,1,4,1.3862943611198906,NaN,0,0,0,0
1151618179,1,3,1.0986122886681098,75,0.3010299956639812,0,0.3333333333333333,0
1151618193,1,3,1.0986122886681098,89.16666666666667,0.6020599913279624,0,1,0
1151618197,1,2,0.6931471805599453,91.25,0.47712125471966244,0,1,0
1151618207,1,4,1.3862943611198906,NaN,0,0,0,0
1151618209,1,2,0.6931471805599453,93.75,0.47712125471966244,0,1,0
1151618219,1,8,2.0794415416798357,86.5,0.7781512503836436,0,0.625,0
1151618235,1,6,1.791759469228055,87.5,0.47712125471966244,0,0.3333333333333333,0
1151618257,1,8,2.0794415416798357,96.66666666666667,0.6020599913279624,0,0.375,0
1151618269,1,2,0.6931471805599453,100,0.47712125471966244,0,1,0
1151618271,1,1,0,87.5,0.3010299956639812,0,1,0
1151618275,1,16,2.772588722239781,74.38888888888889,0.9030899869919435,0.47712125471966244,0.4375,0.125
1151618307,1,11,2.3978952727983707,93.33333333333333,0.8450980400142568,0,0.5454545454545454,0
1151618313,1,34,3.5263605246161616,93.39285714285714,1.1760912590556813,0,0.4117647058823529,0
1151618315,1,8,2.0794415416798357,76.16666666666667,0.7781512503836436,0.3010299956639812,0.625,0.125
1151618343,1,9,2.1972245773362196,90.41666666666667,0.8450980400142568,0,0.6666666666666666,0
1151618345,1,2,0.6931471805599453,100,0.47712125471966244,0,1,0
1151618355,1,2,0.6931471805599453,86.25,0.47712125471966244,0,1,0
1151618421,1,3,1.0986122886681098,87.5,0.6020599913279624,0,1,0
1151618423,1,14,2.6390573296152584,92.85714285714286,0.9030899869919435,0,0.5,0
1151618445,1,24,3.1780538303479458,79.78260869565217,1.380211241711606,0,0.9583333333333334,0
1151618465,1,17,2.833213344056216,70.79411764705883,1.1139433523068367,0.7781512503836436,0.7058823529411765,0.29411764705882354
1151618471,1,42,3.7376696182833684,89.41176470588235,1.255272505103306,0,0.40476190476190477,0
1151618477,1,20,2.995732273553991,91.66666666666667,0.6020599913279624,0,0.15,0
1151618489,1,6,1.791759469228055,92.5,0.6989700043360189,0,0.6666666666666666,0
1151618493,1,541,6.293419278846481,93.472,2.696356388733332,0.6989700043360189,0.9168207024029574,0.0073937153419593345
1151618495,1,58,4.060443010546419,80.32894736842105,1.591064607026499,0,0.6551724137931034,0
1151618513,1,52,3.9512437185814275,95,1.255272505103306,0,0.3269230769230769,0
1151618517,1,1,0,17.5,0,0.3010299956639812,0,1
1151618541,1,31,3.4339872044851463,93.54761904761905,1.3424226808222062,0,0.6774193548387096,0
1151618557,1,2936,7.984803389734406,93.33333333333333,1.3979400086720377,0,0.008174386920980926,0
1151618559,1,1,0,87.5,0.3010299956639812,0,1,0
1151618563,1,124,4.820281565605037,90.70833333333333,2.0791812460476247,0.3010299956639812,0.9596774193548387,0.008064516129032258
1151618567,1,3,1.0986122886681098,NaN,0,0,0,0
1151618579,1,25,3.2188758248682006,91.7,1.0413926851582251,0,0.4,0
1151618609,1,11,2.3978952727983707,92,0.7781512503836436,0,0.45454545454545453,0
1151618623,1,138,4.927253685157205,88.39285714285714,2.0530784434834195,0,0.8115942028985508,0
1151618633,1,5,1.6094379124341003,85,0.7781512503836436,0,1,0
1151618637,1,419,6.037870919922137,87.23684210526316,2.3944516808262164,0,0.5894988066825776,0
1151618641,1,3,1.0986122886681098,90,0.3010299956639812,0,0.3333333333333333,0
1151618643,1,396,5.981414211254481,87.64561403508772,2.4533183400470375,0.47712125471966244,0.7146464646464646,0.005050505050505051
1151618649,1,8,2.0794415416798357,86.71428571428571,0.9030899869919435,0,0.875,0
1151618657,1,6,1.791759469228055,87.91666666666667,0.8450980400142568,0,1,0
1151618715,1,4,1.3862943611198906,93.75,0.47712125471966244,0,0.5,0
1151618721,1,637,6.456769655572163,92.6590909090909,1.6434526764861874,0.3010299956639812,0.06750392464678179,0.0015698587127158557
1151618723,1,154,5.0369526024136295,86.39256198347107,2.0718820073061255,0.6989700043360189,0.7597402597402597,0.025974025974025976
1151618735,1,28,3.332204510175204,94.54347826086956,1.380211241711606,0,0.8214285714285714,0
1151618777,1,556,6.320768294250582,87.81785714285714,2.6148972160331345,1,0.7392086330935251,0.01618705035971223
1151618781,1,19,2.9444389791664403,83.03571428571429,1.146128035678238,0.3010299956639812,0.6842105263157895,0.05263157894736842
1151618791,1,15,2.70805020110221,90.38461538461539,1.146128035678238,0,0.8666666666666667,0
1151618797,1,29,3.367295829986474,91.19047619047619,1.3424226808222062,0,0.7241379310344828,0
1151618815,1,1,0,67.5,0.3010299956639812,0,1,0
1151618847,1,4,1.3862943611198906,86.875,0.6989700043360189,0,1,0
1151618855,1,125,4.8283137373023015,81.52272727272727,1.8573324964312685,1.255272505103306,0.568,0.136
1151618867,1,95,4.553876891600541,89.6951219512195,1.6232492903979006,0,0.43157894736842106,0
1151618889,1,3,1.0986122886681098,77.5,0.3010299956639812,0,0.3333333333333333,0
1151618895,1,110,4.700480365792417,90.70388349514563,2.0170333392987803,0,0.9363636363636364,0
1151618897,1,10,2.302585092994046,84.375,0.6989700043360189,0,0.4,0
1151618909,1,9,2.1972245773362196,89.16666666666667,1,0,1,0
1151618941,1,94,4.543294782270004,87.25,1.6901960800285136,0.9542425094393249,0.5106382978723404,0.0851063829787234
1151618947,1,5,1.6094379124341003,86.5,0.7781512503836436,0,1,0
1151618975,1,316,5.755742213586912,88.35483870967742,2.4727564493172123,1.1760912590556813,0.9367088607594937,0.04430379746835443
1151618999,1,80,4.382026634673881,91.81818181818181,1.3617278360175928,0,0.275,0
1151619001,1,12,2.4849066497880004,97.08333333333333,1.1139433523068367,0,1,0
1151619011,1,7,1.9459101490553132,90,0.6020599913279624,0,0.42857142857142855,0
1151619027,1,92,4.5217885770490405,90.61797752808988,1.954242509439325,0,0.967391304347826,0
1151619029,1,7,1.9459101490553132,81.5,0.7781512503836436,0,0.7142857142857143,0
1151619031,1,1,0,87.5,0.3010299956639812,0,1,0
1151619039,1,5,1.6094379124341003,93.75,0.6989700043360189,0,0.8,0
1151619045,1,19,2.9444389791664403,65.88461538461539,1.1139433523068367,0.3010299956639812,0.631578947368421,0.05263157894736842
1151619069,1,9,2.1972245773362196,74.55555555555556,0.6989700043360189,0.7781512503836436,0.4444444444444444,0.5555555555555556
1151619071,1,98,4.584967478670572,90.34408602150538,1.9731278535996986,0,0.9489795918367347,0
1151619089,1,18,2.8903717578961645,84.625,0.9030899869919435,0.3010299956639812,0.3888888888888889,0.05555555555555555
1151697841,1,2,0.6931471805599453,88.75,0.47712125471966244,0,1,0
1151713529,1,275,5.616771097666572,90.40714285714286,1.8388490907372552,0.47712125471966244,0.24727272727272728,0.007272727272727273
1151714261,1,39,3.6635616461296463,91.25,1.2787536009528289,0,0.46153846153846156,0
1151714673,1,3,1.0986122886681098,95,0.47712125471966244,0,0.6666666666666666,0
1151714809,1,175,5.1647859739235145,89.93975903614458,2.2227164711475833,0,0.9485714285714286,0
1151730259,1,2,0.6931471805599453,90,0.47712125471966244,0,1,0
1151730417,1,27,3.295836866004329,89.8913043478261,1.380211241711606,0,0.8518518518518519,0
1151730721,1,47,3.8501476017100584,93.08928571428571,1.462397997898956,0,0.5957446808510638,0
1151731327,1,417,6.0330862217988015,73.75065963060686,2.578639209968072,0.3010299956639812,0.9064748201438849,0.002398081534772182
1151731553,1,2,0.6931471805599453,100,0.47712125471966244,0,1,0
1151731589,1,3,1.0986122886681098,NaN,0,0,0,0
1151731929,1,5,1.6094379124341003,100,0.6020599913279624,0,0.6,0
1151732257,1,23,3.1354942159291497,93.25,1.0413926851582251,0,0.43478260869565216,0
1151733041,1,1,0,90,0.3010299956639812,0,1,0
1151733351,1,124,4.820281565605037,88.40756302521008,2.0644579892269186,0.6989700043360189,0.9274193548387096,0.03225806451612903
1151733629,1,6,1.791759469228055,79.375,0.6989700043360189,0,0.6666666666666666,0
1151738077,1,12,2.4849066497880004,93.75,1.0413926851582251,0,0.8333333333333334,0
1151746413,1,7,1.9459101490553132,NaN,0,0,0,0
1151746437,1,14,2.6390573296152584,71.57142857142857,0.7781512503836436,0.47712125471966244,0.35714285714285715,0.14285714285714285
1151746529,1,5,1.6094379124341003,87.5,0.3010299956639812,0,0.2,0
1151746769,1,56,4.02535169073515,93.82407407407408,1.724275869600789,0.47712125471966244,0.9285714285714286,0.03571428571428571
1151746813,1,2,0.6931471805599453,90,0.47712125471966244,0,1,0
1151747059,1,18,2.8903717578961645,93.46153846153847,1.146128035678238,0,0.7222222222222222,0
1151747247,1,2,0.6931471805599453,37.5,0,0.3010299956639812,0,0.5
1151747749,1,35,3.5553480614894135,80.359375,1.4313637641589874,0.8450980400142568,0.7428571428571429,0.17142857142857143
1151748995,1,40,3.6888794541139363,83.28947368421052,1.591064607026499,0,0.95,0
1151749007,1,55,4.007333185232471,85.57692307692308,1.4313637641589874,0,0.4727272727272727,0
1151762075,1,53,3.970291913552122,84.72826086956522,1.6720978579357175,0,0.8679245283018868,0
1151762103,1,13,2.5649493574615367,80.92307692307692,1.0791812460476249,0.47712125471966244,0.8461538461538461,0.15384615384615385
1151762373,1,3,1.0986122886681098,NaN,0,0,0,0
1151762695,1,67,4.204692619390966,87.96875,1.8129133566428555,0,0.9552238805970149,0
1151763263,1,326,5.786897381366708,88.84210526315789,2.392696953259666,0.3010299956639812,0.754601226993865,0.003067484662576687
1151763403,1,4,1.3862943611198906,91.66666666666667,0.6020599913279624,0,0.75,0
1151763853,1,26,3.258096538021482,80.02380952380952,1.255272505103306,0.6989700043360189,0.6538461538461539,0.15384615384615385
1151764259,1,8,2.0794415416798357,77.85714285714286,0.9030899869919435,0,0.875,0
1151764405,1,3,1.0986122886681098,44.5,0,0.47712125471966244,0,0.6666666666666666
1151765071,1,20,2.995732273553991,84.5,1.3010299956639813,0.3010299956639812,0.95,0.05
1151765101,1,10,2.302585092994046,89.16666666666667,1,0,0.9,0
1151776013,1,21,3.044522437723423,94.25,1.0413926851582251,0,0.47619047619047616,0
1151776271,1,77,4.343805421853684,91.38333333333334,1.4771212547196624,0.3010299956639812,0.37662337662337664,0.012987012987012988
1151776845,1,9,2.1972245773362196,91.35714285714286,0.9030899869919435,0,0.7777777777777778,0
1151776905,1,68,4.219507705176107,82.1470588235294,1.7075701760979363,0.3010299956639812,0.7352941176470589,0.014705882352941176
1151776925,1,76,4.330733340286331,92.67567567567568,1.5797835966168101,0,0.4868421052631579,0
1151777523,1,127,4.844187086458591,86.75213675213675,2.0718820073061255,0,0.9212598425196851,0
1151777915,1,4,1.3862943611198906,95.83333333333333,0.6020599913279624,0,0.75,0
1151778075,1,10,2.302585092994046,80.66666666666667,1,0,0.9,0
1151794877,1,729,6.591673732008658,89.60434173669468,2.8543060418010806,0,0.9794238683127572,0
1151795163,1,6,1.791759469228055,80.41666666666667,0.8450980400142568,0,1,0
1151795175,1,10,2.302585092994046,82.41666666666667,0.7781512503836436,0.3010299956639812,0.5,0.1
1151795765,1,1,0,NaN,0,0,0,0
1151795785,1,11,2.3978952727983707,89.25,1,0.3010299956639812,0.8181818181818182,0.09090909090909091
1151795919,1,138,4.927253685157205,91.46907216494846,1.9912260756924949,0,0.7028985507246377,0
1151812375,1,61,4.110873864173311,84.04918032786885,1.792391689498254,0,1,0
1151812643,1,30,3.4011973816621555,96.42857142857143,0.9030899869919435,0,0.23333333333333334,0
1151812779,1,23,3.1354942159291497,95,1.1760912590556813,0,0.6086956521739131,0
1151812785,1,44,3.784189633918261,89.24242424242425,1.5314789170422551,0,0.75,0
1151812829,1,104,4.6443908991413725,61.8,1.8976270912904414,1.3617278360175928,0.75,0.21153846153846154
1151812835,1,166,5.111987788356544,91.48333333333333,2.0827853703164503,0,0.7228915662650602,0
1151813011,1,13,2.5649493574615367,90.58333333333333,1.1139433523068367,0,0.9230769230769231,0
1151813151,1,4,1.3862943611198906,95,0.3010299956639812,0,0.25,0
1151813407,1,72,4.276666119016055,58.32203389830509,1.505149978319906,1.462397997898956,0.4305555555555556,0.3888888888888889
1151830473,1,440,6.0867747269123065,87.64861751152074,2.635483746814912,0.6020599913279624,0.9795454545454545,0.006818181818181818
1151838531,1,3,1.0986122886681098,92.5,0.6020599913279624,0,1,0
1151846057,1,4,1.3862943611198906,98.75,0.6989700043360189,0,1,0
1151847599,1,6,1.791759469228055,98.75,0.6989700043360189,0,0.6666666666666666,0
1151847885,1,3,1.0986122886681098,93.33333333333333,0.6020599913279624,0,1,0
1151863065,1,2,0.6931471805599453,96.25,0.47712125471966244,0,1,0
1151878331,1,14,2.6390573296152584,89.1923076923077,1.1139433523068367,0.3010299956639812,0.8571428571428571,0.07142857142857142
1151879783,1,1,0,100,0.3010299956639812,0,1,0
1151886525,1,44,3.784189633918261,91.19318181818181,1.6532125137753437,0,1,0
1151894567,1,12,2.4849066497880004,NaN,0,0,0,0
1151901897,1,2,0.6931471805599453,90,0.47712125471966244,0,1,0
1151908845,1,1,0,87.5,0.3010299956639812,0,1,0
1151909115,1,24,3.1780538303479458,90,1.0413926851582251,0,0.4166666666666667,0
1151910349,1,10,2.302585092994046,80.6,1,0.3010299956639812,0.9,0.1
1151923421,1,2,0.6931471805599453,90,0.47712125471966244,0,1,0
1151923651,1,35,3.5553480614894135,64.46969696969697,1.3222192947339193,1.146128035678238,0.5714285714285714,0.37142857142857144
1151938415,1,277,5.6240175061873385,87.98507462686567,2.429752280002408,0,0.9675090252707581,0
1151938641,1,12,2.4849066497880004,89.6875,0.9542425094393249,0,0.6666666666666666,0
1151938903,1,7,1.9459101490553132,92.85714285714286,0.9030899869919435,0,1,0
1151944157,1,4,1.3862943611198906,80,0.3010299956639812,0,0.25,0
1151951965,1,34,3.5263605246161616,88.96,1.380211241711606,0.47712125471966244,0.6764705882352942,0.058823529411764705
1151952291,1,4,1.3862943611198906,98.75,0.6989700043360189,0,1,0
1151952377,1,12,2.4849066497880004,93.88888888888889,1,0,0.75,0
1151952381,1,8,2.0794415416798357,89.3125,0.9542425094393249,0,1,0
1151953265,1,1,0,NaN,0,0,0,0
1151966411,1,1,0,90,0.3010299956639812,0,1,0
1151966681,1,15,2.70805020110221,89,1.2041199826559248,0,1,0
1151966963,1,5,1.6094379124341003,90,0.6989700043360189,0,0.8,0
1151973861,1,185,5.220355825078324,90.8695652173913,1.380211241711606,0,0.12432432432432433,0
1151996063,1,169,5.1298987149230735,88.63775510204081,1.9912260756924949,0.3010299956639812,0.5739644970414202,0.005917159763313609
1151996205,1,4,1.3862943611198906,92.5,0.6989700043360189,0,1,0
1151996507,1,233,5.4510384535657,89.12837837837837,2.346352974450639,0.3010299956639812,0.9484978540772532,0.004291845493562232
1151996571,1,14,2.6390573296152584,95.625,0.6989700043360189,0,0.2857142857142857,0
1151996575,1,12,2.4849066497880004,71.4375,0.8450980400142568,0.47712125471966244,0.5,0.16666666666666666
1152012383,1,18,2.8903717578961645,86.5,0.7781512503836436,0,0.2777777777777778,0
1152021645,1,12,2.4849066497880004,74.77777777777777,0.7781512503836436,0.6989700043360189,0.4166666666666667,0.3333333333333333
1152021715,1,9,2.1972245773362196,88,0.6989700043360189,0,0.4444444444444444,0
1152028361,1,1,0,92.5,0.3010299956639812,0,1,0
1152028367,1,50,3.912023005428146,87.79761904761905,1.6334684555795864,0,0.84,0
1152034743,1,1334,7.195937226475569,88.07692307692308,3.1228709228644354,0,0.9940029985007496,0
1152054343,1,5,1.6094379124341003,92.5,0.7781512503836436,0,1,0
1152061843,1,187,5.231108616854587,80.18181818181819,1.9731278535996986,0.8450980400142568,0.49732620320855614,0.03208556149732621
1152080103,1,106,4.663439094112067,83.33333333333333,0.7781512503836436,0.3010299956639812,0.04716981132075472,0.009433962264150943
1152098669,1,15,2.70805020110221,90,0.6989700043360189,0,0.26666666666666666,0
1152099111,1,29,3.367295829986474,87.38888888888889,1.4313637641589874,0.3010299956639812,0.896551724137931,0.034482758620689655
1152099139,1,24,3.1780538303479458,90.27777777777777,1,0,0.375,0
1152099277,1,16,2.772588722239781,66.05555555555556,0.9030899869919435,0.47712125471966244,0.4375,0.125
1152117993,1,84,4.430816798843313,94.1867469879518,1.9242792860618816,0,0.9880952380952381,0
1152118107,1,1,0,NaN,0,0,0,0
1152118331,1,43,3.7612001156935624,93.9,1.4913616938342726,0,0.6976744186046512,0
1152124995,1,469,6.150602768446279,90.39473684210526,1.3010299956639813,0,0.04051172707889126,0
1152136431,1,121,4.795790545596741,90.82352941176471,1.9344984512435677,0,0.7024793388429752,0
1152136741,1,1,0,100,0.3010299956639812,0,1,0
1152181317,1,6,1.791759469228055,88.33333333333333,0.8450980400142568,0,1,0
1152181961,1,28,3.332204510175204,89.9074074074074,1.4471580313422192,0,0.9642857142857143,0
1152207937,1,293,5.680172609017068,92.1896551724138,1.7634279935629373,0.3010299956639812,0.1945392491467577,0.0034129692832764505
1152208083,1,6,1.791759469228055,89,0.7781512503836436,0,0.8333333333333334,0
1152221355,1,12,2.4849066497880004,99.28571428571429,0.9030899869919435,0,0.5833333333333334,0
1152259755,1,27,3.295836866004329,100,0.3010299956639812,0,0.037037037037037035,0
1152272179,1,12,2.4849066497880004,89.28571428571429,0.9030899869919435,0,0.5833333333333334,0
1152284449,1,21,3.044522437723423,92.5,0.3010299956639812,0,0.047619047619047616,0
1152284661,1,30,3.4011973816621555,80.75,0.8450980400142568,0,0.2,0
1152366721,1,1,0,92.5,0.3010299956639812,0,1,0
1152906121,1,10,2.302585092994046,95,0.47712125471966244,0,0.2,0
1153676387,1,26,3.258096538021482,90.85714285714286,1.1760912590556813,0,0.5384615384615384,0
